,0
0,original_shape_Flatness_LV_ED
1,original_shape_LeastAxisLength_LV_ED
2,original_shape_MeshVolume_LV_ED
3,original_shape_Sphericity_LV_ED
4,original_shape_SurfaceVolumeRatio_LV_ED
5,original_shape_VoxelVolume_LV_ED
6,original_glcm_Idn_LV_ED
7,original_gldm_DependenceVariance_LV_ED
8,original_gldm_GrayLevelNonUniformity_LV_ED
9,original_gldm_LargeDependenceEmphasis_LV_ED
10,original_glrlm_GrayLevelNonUniformity_LV_ED
11,original_glszm_LargeAreaEmphasis_LV_ED
12,original_glszm_ZoneVariance_LV_ED
13,original_ngtdm_Coarseness_LV_ED
14,original_ngtdm_Contrast_LV_ED
15,original_shape_Flatness_RV_ED
16,original_shape_MajorAxisLength_RV_ED
17,original_shape_Maximum2DDiameterColumn_RV_ED
18,original_shape_Maximum2DDiameterRow_RV_ED
19,original_shape_Maximum2DDiameterSlice_RV_ED
20,original_shape_Maximum3DDiameter_RV_ED
21,original_shape_MeshVolume_RV_ED
22,original_shape_MinorAxisLength_RV_ED
23,original_shape_SurfaceArea_RV_ED
24,original_shape_VoxelVolume_RV_ED
25,original_gldm_DependenceNonUniformity_RV_ED
26,original_gldm_GrayLevelNonUniformity_RV_ED
27,original_glrlm_GrayLevelNonUniformity_RV_ED
28,original_glrlm_RunLengthNonUniformity_RV_ED
29,original_glszm_GrayLevelNonUniformity_RV_ED
30,original_shape_Flatness_MYO_ED
31,original_shape_MajorAxisLength_MYO_ED
32,original_shape_Maximum2DDiameterColumn_MYO_ED
33,original_shape_Maximum2DDiameterSlice_MYO_ED
34,original_shape_MinorAxisLength_MYO_ED
35,original_shape_Sphericity_MYO_ED
36,original_shape_SurfaceVolumeRatio_MYO_ED
37,original_ngtdm_Coarseness_MYO_ED
38,original_shape_Flatness_LV_ES
39,original_shape_LeastAxisLength_LV_ES
40,original_shape_MeshVolume_LV_ES
41,original_shape_Sphericity_LV_ES
42,original_shape_SurfaceVolumeRatio_LV_ES
43,original_shape_VoxelVolume_LV_ES
44,original_glcm_Correlation_LV_ES
45,original_glcm_Idmn_LV_ES
46,original_glcm_Idn_LV_ES
47,original_gldm_DependenceVariance_LV_ES
48,original_gldm_GrayLevelNonUniformity_LV_ES
49,original_gldm_LargeDependenceEmphasis_LV_ES
50,original_glrlm_GrayLevelNonUniformity_LV_ES
51,original_glrlm_RunLengthNonUniformityNormalized_LV_ES
52,original_glrlm_RunPercentage_LV_ES
53,original_glrlm_ShortRunEmphasis_LV_ES
54,original_glszm_LargeAreaEmphasis_LV_ES
55,original_glszm_LargeAreaHighGrayLevelEmphasis_LV_ES
56,original_glszm_ZoneVariance_LV_ES
57,original_ngtdm_Coarseness_LV_ES
58,original_shape_Elongation_RV_ES
59,original_shape_Flatness_RV_ES
60,original_shape_MajorAxisLength_RV_ES
61,original_shape_Maximum2DDiameterColumn_RV_ES
62,original_shape_Maximum2DDiameterRow_RV_ES
63,original_shape_Maximum2DDiameterSlice_RV_ES
64,original_shape_Maximum3DDiameter_RV_ES
65,original_shape_MeshVolume_RV_ES
66,original_shape_MinorAxisLength_RV_ES
67,original_shape_SurfaceArea_RV_ES
68,original_shape_SurfaceVolumeRatio_RV_ES
69,original_shape_VoxelVolume_RV_ES
70,original_firstorder_Kurtosis_RV_ES
71,original_firstorder_Skewness_RV_ES
72,original_glcm_Idmn_RV_ES
73,original_glcm_Idn_RV_ES
74,original_gldm_DependenceNonUniformity_RV_ES
75,original_gldm_GrayLevelNonUniformity_RV_ES
76,original_gldm_LargeDependenceHighGrayLevelEmphasis_RV_ES
77,original_gldm_SmallDependenceLowGrayLevelEmphasis_RV_ES
78,original_glrlm_GrayLevelNonUniformity_RV_ES
79,original_glrlm_LongRunHighGrayLevelEmphasis_RV_ES
80,original_glrlm_RunLengthNonUniformity_RV_ES
81,original_glszm_GrayLevelNonUniformity_RV_ES
82,original_ngtdm_Coarseness_RV_ES
83,original_ngtdm_Contrast_RV_ES
84,original_shape_Elongation_MYO_ES
85,original_shape_Flatness_MYO_ES
86,original_shape_MajorAxisLength_MYO_ES
87,original_shape_Maximum2DDiameterColumn_MYO_ES
88,original_shape_Maximum2DDiameterRow_MYO_ES
89,original_shape_Maximum2DDiameterSlice_MYO_ES
90,original_shape_Maximum3DDiameter_MYO_ES
91,original_shape_MinorAxisLength_MYO_ES
92,original_shape_Sphericity_MYO_ES
93,original_shape_SurfaceArea_MYO_ES
94,original_shape_SurfaceVolumeRatio_MYO_ES
95,original_glrlm_RunEntropy_MYO_ES
96,original_glrlm_RunLengthNonUniformity_MYO_ES
97,original_glszm_GrayLevelNonUniformity_MYO_ES
98,original_ngtdm_Coarseness_MYO_ES
99,ED_dlf_0
100,ED_dlf_1
101,ED_dlf_2
102,ED_dlf_4
103,ED_dlf_5
104,ED_dlf_7
105,ED_dlf_8
106,ED_dlf_9
107,ED_dlf_10
108,ED_dlf_13
109,ED_dlf_14
110,ED_dlf_16
111,ED_dlf_17
112,ED_dlf_22
113,ED_dlf_23
114,ED_dlf_27
115,ED_dlf_28
116,ED_dlf_30
117,ED_dlf_31
118,ED_dlf_32
119,ED_dlf_36
120,ED_dlf_38
121,ED_dlf_39
122,ED_dlf_40
123,ED_dlf_43
124,ED_dlf_44
125,ED_dlf_51
126,ED_dlf_53
127,ED_dlf_54
128,ED_dlf_56
129,ED_dlf_57
130,ED_dlf_59
131,ED_dlf_60
132,ED_dlf_61
133,ED_dlf_62
134,ED_dlf_63
135,ED_dlf_64
136,ED_dlf_65
137,ED_dlf_66
138,ED_dlf_67
139,ED_dlf_68
140,ED_dlf_70
141,ED_dlf_71
142,ED_dlf_72
143,ED_dlf_73
144,ED_dlf_76
145,ED_dlf_77
146,ED_dlf_81
147,ED_dlf_82
148,ED_dlf_83
149,ED_dlf_84
150,ED_dlf_86
151,ED_dlf_87
152,ED_dlf_88
153,ED_dlf_89
154,ED_dlf_90
155,ED_dlf_91
156,ED_dlf_92
157,ED_dlf_94
158,ED_dlf_95
159,ED_dlf_96
160,ED_dlf_98
161,ED_dlf_99
162,ED_dlf_101
163,ED_dlf_103
164,ED_dlf_105
165,ED_dlf_107
166,ED_dlf_108
167,ED_dlf_110
168,ED_dlf_111
169,ED_dlf_112
170,ED_dlf_113
171,ED_dlf_114
172,ED_dlf_116
173,ED_dlf_117
174,ED_dlf_118
175,ED_dlf_119
176,ED_dlf_120
177,ED_dlf_122
178,ED_dlf_124
179,ED_dlf_126
180,ED_dlf_128
181,ED_dlf_129
182,ED_dlf_130
183,ED_dlf_131
184,ED_dlf_134
185,ED_dlf_135
186,ED_dlf_137
187,ED_dlf_144
188,ED_dlf_146
189,ED_dlf_148
190,ED_dlf_150
191,ED_dlf_152
192,ED_dlf_153
193,ED_dlf_154
194,ED_dlf_157
195,ED_dlf_158
196,ED_dlf_162
197,ED_dlf_166
198,ED_dlf_167
199,ED_dlf_168
200,ED_dlf_169
201,ED_dlf_170
202,ED_dlf_172
203,ED_dlf_173
204,ED_dlf_174
205,ED_dlf_176
206,ED_dlf_178
207,ED_dlf_179
208,ED_dlf_181
209,ED_dlf_183
210,ED_dlf_192
211,ED_dlf_195
212,ED_dlf_197
213,ED_dlf_199
214,ED_dlf_203
215,ED_dlf_205
216,ED_dlf_208
217,ED_dlf_209
218,ED_dlf_210
219,ED_dlf_212
220,ED_dlf_213
221,ED_dlf_215
222,ED_dlf_216
223,ED_dlf_218
224,ED_dlf_219
225,ED_dlf_220
226,ED_dlf_221
227,ED_dlf_223
228,ED_dlf_224
229,ED_dlf_225
230,ED_dlf_226
231,ED_dlf_227
232,ED_dlf_232
233,ED_dlf_233
234,ED_dlf_235
235,ED_dlf_236
236,ED_dlf_237
237,ED_dlf_238
238,ED_dlf_239
239,ED_dlf_241
240,ED_dlf_245
241,ED_dlf_248
242,ED_dlf_252
243,ED_dlf_253
244,ED_dlf_255
245,ED_dlf_256
246,ED_dlf_257
247,ED_dlf_258
248,ED_dlf_259
249,ED_dlf_261
250,ED_dlf_262
251,ED_dlf_263
252,ED_dlf_265
253,ED_dlf_266
254,ED_dlf_267
255,ED_dlf_268
256,ED_dlf_269
257,ED_dlf_270
258,ED_dlf_271
259,ED_dlf_272
260,ED_dlf_275
261,ED_dlf_276
262,ED_dlf_279
263,ED_dlf_280
264,ED_dlf_281
265,ED_dlf_283
266,ED_dlf_285
267,ED_dlf_286
268,ED_dlf_287
269,ED_dlf_288
270,ED_dlf_290
271,ED_dlf_293
272,ED_dlf_294
273,ED_dlf_295
274,ED_dlf_296
275,ED_dlf_297
276,ED_dlf_298
277,ED_dlf_299
278,ED_dlf_300
279,ED_dlf_301
280,ED_dlf_303
281,ED_dlf_304
282,ED_dlf_305
283,ED_dlf_306
284,ED_dlf_307
285,ED_dlf_308
286,ED_dlf_309
287,ED_dlf_310
288,ED_dlf_314
289,ED_dlf_315
290,ED_dlf_320
291,ED_dlf_322
292,ED_dlf_323
293,ED_dlf_325
294,ED_dlf_326
295,ED_dlf_327
296,ED_dlf_331
297,ED_dlf_333
298,ED_dlf_334
299,ED_dlf_336
300,ED_dlf_337
301,ED_dlf_339
302,ED_dlf_341
303,ED_dlf_342
304,ED_dlf_343
305,ED_dlf_344
306,ED_dlf_345
307,ED_dlf_346
308,ED_dlf_347
309,ED_dlf_350
310,ED_dlf_352
311,ED_dlf_353
312,ED_dlf_355
313,ED_dlf_356
314,ED_dlf_358
315,ED_dlf_360
316,ED_dlf_363
317,ED_dlf_364
318,ED_dlf_365
319,ED_dlf_367
320,ED_dlf_368
321,ED_dlf_370
322,ED_dlf_372
323,ED_dlf_373
324,ED_dlf_374
325,ED_dlf_375
326,ED_dlf_376
327,ED_dlf_377
328,ED_dlf_379
329,ED_dlf_380
330,ED_dlf_381
331,ED_dlf_383
332,ED_dlf_385
333,ED_dlf_386
334,ED_dlf_387
335,ED_dlf_388
336,ED_dlf_390
337,ED_dlf_392
338,ED_dlf_394
339,ED_dlf_396
340,ED_dlf_397
341,ED_dlf_398
342,ED_dlf_399
343,ED_dlf_400
344,ED_dlf_401
345,ED_dlf_402
346,ED_dlf_403
347,ED_dlf_404
348,ED_dlf_405
349,ED_dlf_406
350,ED_dlf_411
351,ED_dlf_412
352,ED_dlf_413
353,ED_dlf_414
354,ED_dlf_417
355,ED_dlf_418
356,ED_dlf_419
357,ED_dlf_422
358,ED_dlf_423
359,ED_dlf_424
360,ED_dlf_425
361,ED_dlf_428
362,ED_dlf_430
363,ED_dlf_431
364,ED_dlf_432
365,ED_dlf_433
366,ED_dlf_434
367,ED_dlf_435
368,ED_dlf_436
369,ED_dlf_437
370,ED_dlf_438
371,ED_dlf_443
372,ED_dlf_447
373,ED_dlf_449
374,ED_dlf_450
375,ED_dlf_452
376,ED_dlf_453
377,ED_dlf_454
378,ED_dlf_456
379,ED_dlf_457
380,ED_dlf_459
381,ED_dlf_461
382,ED_dlf_462
383,ED_dlf_463
384,ED_dlf_464
385,ED_dlf_465
386,ED_dlf_466
387,ED_dlf_467
388,ED_dlf_468
389,ED_dlf_469
390,ED_dlf_471
391,ED_dlf_473
392,ED_dlf_477
393,ED_dlf_480
394,ED_dlf_481
395,ED_dlf_482
396,ED_dlf_483
397,ED_dlf_485
398,ED_dlf_486
399,ED_dlf_487
400,ED_dlf_489
401,ED_dlf_490
402,ED_dlf_493
403,ED_dlf_494
404,ED_dlf_495
405,ED_dlf_496
406,ED_dlf_497
407,ED_dlf_499
408,ED_dlf_501
409,ED_dlf_502
410,ED_dlf_503
411,ED_dlf_504
412,ED_dlf_505
413,ED_dlf_506
414,ED_dlf_508
415,ED_dlf_510
416,ED_dlf_511
417,ED_dlf_514
418,ED_dlf_515
419,ED_dlf_517
420,ED_dlf_518
421,ED_dlf_521
422,ED_dlf_522
423,ED_dlf_523
424,ED_dlf_524
425,ED_dlf_525
426,ED_dlf_527
427,ED_dlf_528
428,ED_dlf_529
429,ED_dlf_530
430,ED_dlf_535
431,ED_dlf_536
432,ED_dlf_538
433,ED_dlf_540
434,ED_dlf_541
435,ED_dlf_543
436,ED_dlf_544
437,ED_dlf_545
438,ED_dlf_547
439,ED_dlf_548
440,ED_dlf_549
441,ED_dlf_551
442,ED_dlf_552
443,ED_dlf_553
444,ED_dlf_554
445,ED_dlf_555
446,ED_dlf_557
447,ED_dlf_558
448,ED_dlf_559
449,ED_dlf_560
450,ED_dlf_566
451,ED_dlf_569
452,ED_dlf_570
453,ED_dlf_571
454,ED_dlf_572
455,ED_dlf_573
456,ED_dlf_574
457,ED_dlf_575
458,ED_dlf_576
459,ED_dlf_579
460,ED_dlf_580
461,ED_dlf_582
462,ED_dlf_583
463,ED_dlf_584
464,ED_dlf_587
465,ED_dlf_589
466,ED_dlf_591
467,ED_dlf_593
468,ED_dlf_595
469,ED_dlf_598
470,ED_dlf_600
471,ED_dlf_601
472,ED_dlf_603
473,ED_dlf_606
474,ED_dlf_607
475,ED_dlf_608
476,ED_dlf_609
477,ED_dlf_612
478,ED_dlf_614
479,ED_dlf_615
480,ED_dlf_616
481,ED_dlf_617
482,ED_dlf_618
483,ED_dlf_622
484,ED_dlf_627
485,ED_dlf_628
486,ED_dlf_630
487,ED_dlf_631
488,ED_dlf_632
489,ED_dlf_634
490,ED_dlf_635
491,ED_dlf_636
492,ED_dlf_637
493,ED_dlf_639
494,ED_dlf_641
495,ED_dlf_642
496,ED_dlf_643
497,ED_dlf_644
498,ED_dlf_645
499,ED_dlf_647
500,ED_dlf_648
501,ED_dlf_649
502,ED_dlf_650
503,ED_dlf_651
504,ED_dlf_653
505,ED_dlf_654
506,ED_dlf_656
507,ED_dlf_657
508,ED_dlf_658
509,ED_dlf_661
510,ED_dlf_662
511,ED_dlf_663
512,ED_dlf_664
513,ED_dlf_665
514,ED_dlf_667
515,ED_dlf_669
516,ED_dlf_670
517,ED_dlf_671
518,ED_dlf_672
519,ED_dlf_673
520,ED_dlf_674
521,ED_dlf_678
522,ED_dlf_679
523,ED_dlf_680
524,ED_dlf_681
525,ED_dlf_686
526,ED_dlf_688
527,ED_dlf_689
528,ED_dlf_693
529,ED_dlf_694
530,ED_dlf_698
531,ED_dlf_701
532,ED_dlf_702
533,ED_dlf_703
534,ED_dlf_704
535,ED_dlf_705
536,ED_dlf_707
537,ED_dlf_708
538,ED_dlf_709
539,ED_dlf_710
540,ED_dlf_714
541,ED_dlf_715
542,ED_dlf_717
543,ED_dlf_718
544,ED_dlf_719
545,ED_dlf_721
546,ED_dlf_722
547,ED_dlf_725
548,ED_dlf_729
549,ED_dlf_731
550,ED_dlf_734
551,ED_dlf_736
552,ED_dlf_737
553,ED_dlf_738
554,ED_dlf_740
555,ED_dlf_742
556,ED_dlf_744
557,ED_dlf_745
558,ED_dlf_746
559,ED_dlf_747
560,ED_dlf_748
561,ED_dlf_749
562,ED_dlf_750
563,ED_dlf_752
564,ED_dlf_753
565,ED_dlf_756
566,ED_dlf_757
567,ED_dlf_758
568,ED_dlf_759
569,ED_dlf_760
570,ED_dlf_761
571,ED_dlf_762
572,ED_dlf_763
573,ED_dlf_765
574,ED_dlf_766
575,ED_dlf_767
576,ED_dlf_770
577,ED_dlf_771
578,ED_dlf_773
579,ED_dlf_775
580,ED_dlf_776
581,ED_dlf_777
582,ED_dlf_778
583,ED_dlf_781
584,ED_dlf_783
585,ED_dlf_784
586,ED_dlf_786
587,ED_dlf_787
588,ED_dlf_793
589,ED_dlf_794
590,ED_dlf_798
591,ED_dlf_799
592,ED_dlf_802
593,ED_dlf_803
594,ED_dlf_804
595,ED_dlf_805
596,ED_dlf_807
597,ED_dlf_808
598,ED_dlf_811
599,ED_dlf_812
600,ED_dlf_814
601,ED_dlf_816
602,ED_dlf_817
603,ED_dlf_818
604,ED_dlf_819
605,ED_dlf_820
606,ED_dlf_822
607,ED_dlf_823
608,ED_dlf_825
609,ED_dlf_826
610,ED_dlf_829
611,ED_dlf_830
612,ED_dlf_833
613,ED_dlf_835
614,ED_dlf_837
615,ED_dlf_838
616,ED_dlf_839
617,ED_dlf_841
618,ED_dlf_842
619,ED_dlf_843
620,ED_dlf_844
621,ED_dlf_845
622,ED_dlf_846
623,ED_dlf_848
624,ED_dlf_851
625,ED_dlf_853
626,ED_dlf_854
627,ED_dlf_858
628,ED_dlf_859
629,ED_dlf_860
630,ED_dlf_861
631,ED_dlf_862
632,ED_dlf_863
633,ED_dlf_866
634,ED_dlf_867
635,ED_dlf_868
636,ED_dlf_869
637,ED_dlf_870
638,ED_dlf_871
639,ED_dlf_872
640,ED_dlf_873
641,ED_dlf_874
642,ED_dlf_875
643,ED_dlf_877
644,ED_dlf_878
645,ED_dlf_879
646,ED_dlf_880
647,ED_dlf_885
648,ED_dlf_886
649,ED_dlf_887
650,ED_dlf_890
651,ED_dlf_891
652,ED_dlf_892
653,ED_dlf_894
654,ED_dlf_895
655,ED_dlf_898
656,ED_dlf_901
657,ED_dlf_904
658,ED_dlf_906
659,ED_dlf_907
660,ED_dlf_909
661,ED_dlf_910
662,ED_dlf_911
663,ED_dlf_913
664,ED_dlf_914
665,ED_dlf_918
666,ED_dlf_919
667,ED_dlf_921
668,ED_dlf_923
669,ED_dlf_924
670,ED_dlf_926
671,ED_dlf_928
672,ED_dlf_929
673,ED_dlf_930
674,ED_dlf_931
675,ED_dlf_932
676,ED_dlf_934
677,ED_dlf_935
678,ED_dlf_937
679,ED_dlf_939
680,ED_dlf_940
681,ED_dlf_941
682,ED_dlf_942
683,ED_dlf_943
684,ED_dlf_947
685,ED_dlf_948
686,ED_dlf_950
687,ED_dlf_954
688,ED_dlf_955
689,ED_dlf_956
690,ED_dlf_957
691,ED_dlf_962
692,ED_dlf_963
693,ED_dlf_964
694,ED_dlf_965
695,ED_dlf_966
696,ED_dlf_967
697,ED_dlf_968
698,ED_dlf_970
699,ED_dlf_971
700,ED_dlf_974
701,ED_dlf_975
702,ED_dlf_976
703,ED_dlf_978
704,ED_dlf_979
705,ED_dlf_980
706,ED_dlf_981
707,ED_dlf_982
708,ED_dlf_984
709,ED_dlf_985
710,ED_dlf_987
711,ED_dlf_991
712,ED_dlf_993
713,ED_dlf_995
714,ED_dlf_998
715,ED_dlf_999
716,ED_dlf_1000
717,ED_dlf_1002
718,ED_dlf_1003
719,ED_dlf_1004
720,ED_dlf_1005
721,ED_dlf_1008
722,ED_dlf_1009
723,ED_dlf_1014
724,ED_dlf_1017
725,ED_dlf_1018
726,ED_dlf_1019
727,ED_dlf_1022
728,ED_dlf_1025
729,ED_dlf_1026
730,ED_dlf_1027
731,ED_dlf_1028
732,ED_dlf_1029
733,ED_dlf_1030
734,ED_dlf_1031
735,ED_dlf_1032
736,ED_dlf_1034
737,ED_dlf_1035
738,ED_dlf_1036
739,ED_dlf_1037
740,ED_dlf_1041
741,ED_dlf_1042
742,ED_dlf_1043
743,ED_dlf_1044
744,ED_dlf_1045
745,ED_dlf_1046
746,ED_dlf_1047
747,ED_dlf_1048
748,ED_dlf_1049
749,ED_dlf_1050
750,ED_dlf_1052
751,ED_dlf_1053
752,ED_dlf_1054
753,ED_dlf_1055
754,ED_dlf_1056
755,ED_dlf_1059
756,ED_dlf_1061
757,ED_dlf_1062
758,ED_dlf_1063
759,ED_dlf_1065
760,ED_dlf_1068
761,ED_dlf_1069
762,ED_dlf_1070
763,ED_dlf_1072
764,ED_dlf_1074
765,ED_dlf_1075
766,ED_dlf_1076
767,ED_dlf_1077
768,ED_dlf_1078
769,ED_dlf_1079
770,ED_dlf_1082
771,ED_dlf_1086
772,ED_dlf_1088
773,ED_dlf_1089
774,ED_dlf_1091
775,ED_dlf_1093
776,ED_dlf_1094
777,ED_dlf_1095
778,ED_dlf_1096
779,ED_dlf_1097
780,ED_dlf_1098
781,ED_dlf_1099
782,ED_dlf_1101
783,ED_dlf_1102
784,ED_dlf_1104
785,ED_dlf_1107
786,ED_dlf_1108
787,ED_dlf_1109
788,ED_dlf_1110
789,ED_dlf_1111
790,ED_dlf_1112
791,ED_dlf_1114
792,ED_dlf_1115
793,ED_dlf_1118
794,ED_dlf_1122
795,ED_dlf_1123
796,ED_dlf_1124
797,ED_dlf_1125
798,ED_dlf_1126
799,ED_dlf_1127
800,ED_dlf_1128
801,ED_dlf_1129
802,ED_dlf_1130
803,ED_dlf_1131
804,ED_dlf_1132
805,ED_dlf_1133
806,ED_dlf_1138
807,ED_dlf_1139
808,ED_dlf_1141
809,ED_dlf_1142
810,ED_dlf_1144
811,ED_dlf_1145
812,ED_dlf_1146
813,ED_dlf_1149
814,ED_dlf_1150
815,ED_dlf_1152
816,ED_dlf_1154
817,ED_dlf_1155
818,ED_dlf_1156
819,ED_dlf_1157
820,ED_dlf_1158
821,ED_dlf_1160
822,ED_dlf_1161
823,ED_dlf_1163
824,ED_dlf_1165
825,ED_dlf_1168
826,ED_dlf_1169
827,ED_dlf_1170
828,ED_dlf_1171
829,ED_dlf_1172
830,ED_dlf_1174
831,ED_dlf_1177
832,ED_dlf_1179
833,ED_dlf_1181
834,ED_dlf_1182
835,ED_dlf_1185
836,ED_dlf_1187
837,ED_dlf_1190
838,ED_dlf_1192
839,ED_dlf_1195
840,ED_dlf_1197
841,ED_dlf_1198
842,ED_dlf_1199
843,ED_dlf_1202
844,ED_dlf_1203
845,ED_dlf_1204
846,ED_dlf_1206
847,ED_dlf_1207
848,ED_dlf_1208
849,ED_dlf_1209
850,ED_dlf_1210
851,ED_dlf_1211
852,ED_dlf_1213
853,ED_dlf_1214
854,ED_dlf_1215
855,ED_dlf_1217
856,ED_dlf_1218
857,ED_dlf_1219
858,ED_dlf_1220
859,ED_dlf_1221
860,ED_dlf_1222
861,ED_dlf_1223
862,ED_dlf_1225
863,ED_dlf_1226
864,ED_dlf_1227
865,ED_dlf_1228
866,ED_dlf_1230
867,ED_dlf_1232
868,ED_dlf_1234
869,ED_dlf_1235
870,ED_dlf_1236
871,ED_dlf_1237
872,ED_dlf_1238
873,ED_dlf_1240
874,ED_dlf_1249
875,ED_dlf_1253
876,ED_dlf_1254
877,ED_dlf_1255
878,ED_dlf_1257
879,ED_dlf_1258
880,ED_dlf_1260
881,ED_dlf_1261
882,ED_dlf_1262
883,ED_dlf_1263
884,ED_dlf_1264
885,ED_dlf_1265
886,ED_dlf_1268
887,ED_dlf_1269
888,ED_dlf_1270
889,ED_dlf_1272
890,ED_dlf_1276
891,ED_dlf_1277
892,ED_dlf_1278
893,ED_dlf_1280
894,ED_dlf_1282
895,ED_dlf_1283
896,ED_dlf_1285
897,ED_dlf_1286
898,ED_dlf_1287
899,ED_dlf_1288
900,ED_dlf_1289
901,ED_dlf_1290
902,ED_dlf_1291
903,ED_dlf_1292
904,ED_dlf_1295
905,ED_dlf_1296
906,ED_dlf_1300
907,ED_dlf_1302
908,ED_dlf_1303
909,ED_dlf_1305
910,ED_dlf_1308
911,ED_dlf_1309
912,ED_dlf_1310
913,ED_dlf_1312
914,ED_dlf_1313
915,ED_dlf_1314
916,ED_dlf_1315
917,ED_dlf_1316
918,ED_dlf_1317
919,ED_dlf_1319
920,ED_dlf_1320
921,ED_dlf_1321
922,ED_dlf_1322
923,ED_dlf_1323
924,ED_dlf_1324
925,ED_dlf_1325
926,ED_dlf_1327
927,ED_dlf_1329
928,ED_dlf_1330
929,ED_dlf_1331
930,ED_dlf_1334
931,ED_dlf_1335
932,ED_dlf_1336
933,ED_dlf_1337
934,ED_dlf_1339
935,ED_dlf_1343
936,ED_dlf_1344
937,ED_dlf_1345
938,ED_dlf_1346
939,ED_dlf_1350
940,ED_dlf_1351
941,ED_dlf_1352
942,ED_dlf_1354
943,ED_dlf_1355
944,ED_dlf_1358
945,ED_dlf_1360
946,ED_dlf_1361
947,ED_dlf_1362
948,ED_dlf_1369
949,ED_dlf_1371
950,ED_dlf_1372
951,ED_dlf_1373
952,ED_dlf_1374
953,ED_dlf_1378
954,ED_dlf_1379
955,ED_dlf_1381
956,ED_dlf_1382
957,ED_dlf_1385
958,ED_dlf_1386
959,ED_dlf_1387
960,ED_dlf_1388
961,ED_dlf_1389
962,ED_dlf_1393
963,ED_dlf_1394
964,ED_dlf_1396
965,ED_dlf_1397
966,ED_dlf_1400
967,ED_dlf_1401
968,ED_dlf_1403
969,ED_dlf_1407
970,ED_dlf_1408
971,ED_dlf_1409
972,ED_dlf_1412
973,ED_dlf_1413
974,ED_dlf_1414
975,ED_dlf_1415
976,ED_dlf_1416
977,ED_dlf_1418
978,ED_dlf_1420
979,ED_dlf_1421
980,ED_dlf_1422
981,ED_dlf_1423
982,ED_dlf_1426
983,ED_dlf_1429
984,ED_dlf_1431
985,ED_dlf_1433
986,ED_dlf_1434
987,ED_dlf_1435
988,ED_dlf_1436
989,ED_dlf_1437
990,ED_dlf_1438
991,ED_dlf_1439
992,ED_dlf_1441
993,ED_dlf_1443
994,ED_dlf_1444
995,ED_dlf_1445
996,ED_dlf_1449
997,ED_dlf_1454
998,ED_dlf_1456
999,ED_dlf_1458
1000,ED_dlf_1459
1001,ED_dlf_1460
1002,ED_dlf_1463
1003,ED_dlf_1465
1004,ED_dlf_1466
1005,ED_dlf_1467
1006,ED_dlf_1470
1007,ED_dlf_1471
1008,ED_dlf_1472
1009,ED_dlf_1473
1010,ED_dlf_1475
1011,ED_dlf_1477
1012,ED_dlf_1481
1013,ED_dlf_1482
1014,ED_dlf_1483
1015,ED_dlf_1484
1016,ED_dlf_1487
1017,ED_dlf_1488
1018,ED_dlf_1493
1019,ED_dlf_1494
1020,ED_dlf_1495
1021,ED_dlf_1496
1022,ED_dlf_1497
1023,ED_dlf_1498
1024,ED_dlf_1499
1025,ED_dlf_1501
1026,ED_dlf_1502
1027,ED_dlf_1503
1028,ED_dlf_1504
1029,ED_dlf_1505
1030,ED_dlf_1506
1031,ED_dlf_1508
1032,ED_dlf_1509
1033,ED_dlf_1510
1034,ED_dlf_1512
1035,ED_dlf_1514
1036,ED_dlf_1515
1037,ED_dlf_1516
1038,ED_dlf_1517
1039,ED_dlf_1519
1040,ED_dlf_1521
1041,ED_dlf_1524
1042,ED_dlf_1525
1043,ED_dlf_1526
1044,ED_dlf_1527
1045,ED_dlf_1528
1046,ED_dlf_1529
1047,ED_dlf_1530
1048,ED_dlf_1531
1049,ED_dlf_1532
1050,ED_dlf_1533
1051,ED_dlf_1534
1052,ED_dlf_1535
1053,ED_dlf_1537
1054,ED_dlf_1538
1055,ED_dlf_1539
1056,ED_dlf_1541
1057,ED_dlf_1543
1058,ED_dlf_1548
1059,ED_dlf_1549
1060,ED_dlf_1550
1061,ED_dlf_1551
1062,ED_dlf_1553
1063,ED_dlf_1554
1064,ED_dlf_1555
1065,ED_dlf_1556
1066,ED_dlf_1559
1067,ED_dlf_1560
1068,ED_dlf_1562
1069,ED_dlf_1563
1070,ED_dlf_1566
1071,ED_dlf_1567
1072,ED_dlf_1569
1073,ED_dlf_1570
1074,ED_dlf_1571
1075,ED_dlf_1574
1076,ED_dlf_1575
1077,ED_dlf_1576
1078,ED_dlf_1577
1079,ED_dlf_1578
1080,ED_dlf_1580
1081,ED_dlf_1582
1082,ED_dlf_1584
1083,ED_dlf_1585
1084,ED_dlf_1586
1085,ED_dlf_1587
1086,ED_dlf_1589
1087,ED_dlf_1590
1088,ED_dlf_1591
1089,ED_dlf_1593
1090,ED_dlf_1596
1091,ED_dlf_1597
1092,ED_dlf_1599
1093,ED_dlf_1601
1094,ED_dlf_1603
1095,ED_dlf_1604
1096,ED_dlf_1605
1097,ED_dlf_1606
1098,ED_dlf_1607
1099,ED_dlf_1608
1100,ED_dlf_1609
1101,ED_dlf_1612
1102,ED_dlf_1613
1103,ED_dlf_1614
1104,ED_dlf_1615
1105,ED_dlf_1617
1106,ED_dlf_1618
1107,ED_dlf_1619
1108,ED_dlf_1620
1109,ED_dlf_1622
1110,ED_dlf_1624
1111,ED_dlf_1628
1112,ED_dlf_1629
1113,ED_dlf_1630
1114,ED_dlf_1631
1115,ED_dlf_1632
1116,ED_dlf_1634
1117,ED_dlf_1637
1118,ED_dlf_1640
1119,ED_dlf_1642
1120,ED_dlf_1643
1121,ED_dlf_1644
1122,ED_dlf_1645
1123,ED_dlf_1646
1124,ED_dlf_1648
1125,ED_dlf_1649
1126,ED_dlf_1651
1127,ED_dlf_1652
1128,ED_dlf_1653
1129,ED_dlf_1654
1130,ED_dlf_1656
1131,ED_dlf_1657
1132,ED_dlf_1658
1133,ED_dlf_1660
1134,ED_dlf_1661
1135,ED_dlf_1662
1136,ED_dlf_1665
1137,ED_dlf_1666
1138,ED_dlf_1667
1139,ED_dlf_1669
1140,ED_dlf_1670
1141,ED_dlf_1671
1142,ED_dlf_1672
1143,ED_dlf_1673
1144,ED_dlf_1674
1145,ED_dlf_1676
1146,ED_dlf_1678
1147,ED_dlf_1680
1148,ED_dlf_1681
1149,ED_dlf_1682
1150,ED_dlf_1683
1151,ED_dlf_1685
1152,ED_dlf_1686
1153,ED_dlf_1688
1154,ED_dlf_1690
1155,ED_dlf_1691
1156,ED_dlf_1692
1157,ED_dlf_1693
1158,ED_dlf_1694
1159,ED_dlf_1695
1160,ED_dlf_1697
1161,ED_dlf_1698
1162,ED_dlf_1700
1163,ED_dlf_1705
1164,ED_dlf_1707
1165,ED_dlf_1712
1166,ED_dlf_1713
1167,ED_dlf_1717
1168,ED_dlf_1718
1169,ED_dlf_1719
1170,ED_dlf_1721
1171,ED_dlf_1723
1172,ED_dlf_1724
1173,ED_dlf_1725
1174,ED_dlf_1727
1175,ED_dlf_1729
1176,ED_dlf_1735
1177,ED_dlf_1736
1178,ED_dlf_1738
1179,ED_dlf_1742
1180,ED_dlf_1744
1181,ED_dlf_1747
1182,ED_dlf_1750
1183,ED_dlf_1751
1184,ED_dlf_1752
1185,ED_dlf_1753
1186,ED_dlf_1754
1187,ED_dlf_1755
1188,ED_dlf_1756
1189,ED_dlf_1757
1190,ED_dlf_1758
1191,ED_dlf_1760
1192,ED_dlf_1762
1193,ED_dlf_1763
1194,ED_dlf_1765
1195,ED_dlf_1766
1196,ED_dlf_1767
1197,ED_dlf_1768
1198,ED_dlf_1769
1199,ED_dlf_1770
1200,ED_dlf_1771
1201,ED_dlf_1772
1202,ED_dlf_1773
1203,ED_dlf_1774
1204,ED_dlf_1775
1205,ED_dlf_1777
1206,ED_dlf_1778
1207,ED_dlf_1780
1208,ED_dlf_1783
1209,ED_dlf_1784
1210,ED_dlf_1785
1211,ED_dlf_1786
1212,ED_dlf_1788
1213,ED_dlf_1789
1214,ED_dlf_1790
1215,ED_dlf_1791
1216,ED_dlf_1792
1217,ED_dlf_1793
1218,ED_dlf_1796
1219,ED_dlf_1798
1220,ED_dlf_1802
1221,ED_dlf_1805
1222,ED_dlf_1806
1223,ED_dlf_1810
1224,ED_dlf_1811
1225,ED_dlf_1812
1226,ED_dlf_1814
1227,ED_dlf_1817
1228,ED_dlf_1818
1229,ED_dlf_1820
1230,ED_dlf_1821
1231,ED_dlf_1825
1232,ED_dlf_1827
1233,ED_dlf_1828
1234,ED_dlf_1832
1235,ED_dlf_1833
1236,ED_dlf_1837
1237,ED_dlf_1838
1238,ED_dlf_1840
1239,ED_dlf_1841
1240,ED_dlf_1842
1241,ED_dlf_1844
1242,ED_dlf_1846
1243,ED_dlf_1847
1244,ED_dlf_1849
1245,ED_dlf_1850
1246,ED_dlf_1851
1247,ED_dlf_1853
1248,ED_dlf_1854
1249,ED_dlf_1855
1250,ED_dlf_1857
1251,ED_dlf_1858
1252,ED_dlf_1859
1253,ED_dlf_1860
1254,ED_dlf_1861
1255,ED_dlf_1865
1256,ED_dlf_1869
1257,ED_dlf_1870
1258,ED_dlf_1874
1259,ED_dlf_1875
1260,ED_dlf_1876
1261,ED_dlf_1877
1262,ED_dlf_1878
1263,ED_dlf_1880
1264,ED_dlf_1881
1265,ED_dlf_1882
1266,ED_dlf_1883
1267,ED_dlf_1884
1268,ED_dlf_1885
1269,ED_dlf_1886
1270,ED_dlf_1888
1271,ED_dlf_1889
1272,ED_dlf_1891
1273,ED_dlf_1892
1274,ED_dlf_1893
1275,ED_dlf_1894
1276,ED_dlf_1895
1277,ED_dlf_1897
1278,ED_dlf_1898
1279,ED_dlf_1899
1280,ED_dlf_1901
1281,ED_dlf_1902
1282,ED_dlf_1906
1283,ED_dlf_1907
1284,ED_dlf_1909
1285,ED_dlf_1910
1286,ED_dlf_1912
1287,ED_dlf_1913
1288,ED_dlf_1915
1289,ED_dlf_1919
1290,ED_dlf_1920
1291,ED_dlf_1921
1292,ED_dlf_1922
1293,ED_dlf_1925
1294,ED_dlf_1926
1295,ED_dlf_1927
1296,ED_dlf_1928
1297,ED_dlf_1930
1298,ED_dlf_1932
1299,ED_dlf_1933
1300,ED_dlf_1936
1301,ED_dlf_1937
1302,ED_dlf_1938
1303,ED_dlf_1941
1304,ED_dlf_1942
1305,ED_dlf_1943
1306,ED_dlf_1945
1307,ED_dlf_1946
1308,ED_dlf_1947
1309,ED_dlf_1949
1310,ED_dlf_1950
1311,ED_dlf_1953
1312,ED_dlf_1954
1313,ED_dlf_1955
1314,ED_dlf_1956
1315,ED_dlf_1957
1316,ED_dlf_1958
1317,ED_dlf_1959
1318,ED_dlf_1960
1319,ED_dlf_1961
1320,ED_dlf_1962
1321,ED_dlf_1963
1322,ED_dlf_1965
1323,ED_dlf_1966
1324,ED_dlf_1967
1325,ED_dlf_1968
1326,ED_dlf_1969
1327,ED_dlf_1971
1328,ED_dlf_1972
1329,ED_dlf_1976
1330,ED_dlf_1977
1331,ED_dlf_1982
1332,ED_dlf_1983
1333,ED_dlf_1984
1334,ED_dlf_1986
1335,ED_dlf_1989
1336,ED_dlf_1990
1337,ED_dlf_1991
1338,ED_dlf_1993
1339,ED_dlf_1994
1340,ED_dlf_1995
1341,ED_dlf_1996
1342,ED_dlf_1998
1343,ED_dlf_1999
1344,ED_dlf_2000
1345,ED_dlf_2001
1346,ED_dlf_2003
1347,ED_dlf_2004
1348,ED_dlf_2007
1349,ED_dlf_2009
1350,ED_dlf_2010
1351,ED_dlf_2011
1352,ED_dlf_2013
1353,ED_dlf_2015
1354,ED_dlf_2018
1355,ED_dlf_2020
1356,ED_dlf_2022
1357,ED_dlf_2024
1358,ED_dlf_2025
1359,ED_dlf_2026
1360,ED_dlf_2028
1361,ED_dlf_2029
1362,ED_dlf_2032
1363,ED_dlf_2033
1364,ED_dlf_2035
1365,ED_dlf_2037
1366,ED_dlf_2039
1367,ED_dlf_2043
1368,ED_dlf_2044
1369,ED_dlf_2048
1370,ED_dlf_2051
1371,ED_dlf_2052
1372,ED_dlf_2053
1373,ED_dlf_2054
1374,ED_dlf_2055
1375,ED_dlf_2057
1376,ED_dlf_2058
1377,ED_dlf_2059
1378,ED_dlf_2060
1379,ED_dlf_2062
1380,ED_dlf_2063
1381,ED_dlf_2064
1382,ED_dlf_2068
1383,ED_dlf_2069
1384,ED_dlf_2071
1385,ED_dlf_2073
1386,ED_dlf_2074
1387,ED_dlf_2075
1388,ED_dlf_2076
1389,ED_dlf_2077
1390,ED_dlf_2078
1391,ED_dlf_2080
1392,ED_dlf_2081
1393,ED_dlf_2082
1394,ED_dlf_2084
1395,ED_dlf_2085
1396,ED_dlf_2086
1397,ED_dlf_2087
1398,ED_dlf_2089
1399,ED_dlf_2090
1400,ED_dlf_2091
1401,ED_dlf_2094
1402,ED_dlf_2095
1403,ED_dlf_2096
1404,ED_dlf_2097
1405,ED_dlf_2098
1406,ED_dlf_2099
1407,ED_dlf_2100
1408,ED_dlf_2102
1409,ED_dlf_2103
1410,ED_dlf_2105
1411,ED_dlf_2106
1412,ED_dlf_2108
1413,ED_dlf_2109
1414,ED_dlf_2110
1415,ED_dlf_2111
1416,ED_dlf_2112
1417,ED_dlf_2116
1418,ED_dlf_2117
1419,ED_dlf_2118
1420,ED_dlf_2119
1421,ED_dlf_2120
1422,ED_dlf_2121
1423,ED_dlf_2123
1424,ED_dlf_2124
1425,ED_dlf_2125
1426,ED_dlf_2126
1427,ED_dlf_2127
1428,ED_dlf_2128
1429,ED_dlf_2129
1430,ED_dlf_2130
1431,ED_dlf_2131
1432,ED_dlf_2132
1433,ED_dlf_2133
1434,ED_dlf_2134
1435,ED_dlf_2135
1436,ED_dlf_2136
1437,ED_dlf_2139
1438,ED_dlf_2140
1439,ED_dlf_2141
1440,ED_dlf_2142
1441,ED_dlf_2143
1442,ED_dlf_2146
1443,ED_dlf_2147
1444,ED_dlf_2148
1445,ED_dlf_2151
1446,ED_dlf_2152
1447,ED_dlf_2153
1448,ED_dlf_2154
1449,ED_dlf_2158
1450,ED_dlf_2159
1451,ED_dlf_2161
1452,ED_dlf_2162
1453,ED_dlf_2163
1454,ED_dlf_2165
1455,ED_dlf_2166
1456,ED_dlf_2167
1457,ED_dlf_2169
1458,ED_dlf_2172
1459,ED_dlf_2173
1460,ED_dlf_2174
1461,ED_dlf_2176
1462,ED_dlf_2177
1463,ED_dlf_2178
1464,ED_dlf_2179
1465,ED_dlf_2180
1466,ED_dlf_2181
1467,ED_dlf_2184
1468,ED_dlf_2186
1469,ED_dlf_2188
1470,ED_dlf_2190
1471,ED_dlf_2191
1472,ED_dlf_2193
1473,ED_dlf_2195
1474,ED_dlf_2197
1475,ED_dlf_2198
1476,ED_dlf_2199
1477,ED_dlf_2201
1478,ED_dlf_2202
1479,ED_dlf_2203
1480,ED_dlf_2204
1481,ED_dlf_2206
1482,ED_dlf_2208
1483,ED_dlf_2209
1484,ED_dlf_2210
1485,ED_dlf_2211
1486,ED_dlf_2212
1487,ED_dlf_2213
1488,ED_dlf_2214
1489,ED_dlf_2215
1490,ED_dlf_2217
1491,ED_dlf_2218
1492,ED_dlf_2219
1493,ED_dlf_2220
1494,ED_dlf_2221
1495,ED_dlf_2222
1496,ED_dlf_2223
1497,ED_dlf_2225
1498,ED_dlf_2227
1499,ED_dlf_2228
1500,ED_dlf_2229
1501,ED_dlf_2230
1502,ED_dlf_2231
1503,ED_dlf_2232
1504,ED_dlf_2234
1505,ED_dlf_2237
1506,ED_dlf_2240
1507,ED_dlf_2241
1508,ED_dlf_2242
1509,ED_dlf_2243
1510,ED_dlf_2246
1511,ED_dlf_2248
1512,ED_dlf_2249
1513,ED_dlf_2251
1514,ED_dlf_2252
1515,ED_dlf_2253
1516,ED_dlf_2255
1517,ED_dlf_2256
1518,ED_dlf_2257
1519,ED_dlf_2258
1520,ED_dlf_2259
1521,ED_dlf_2260
1522,ED_dlf_2261
1523,ED_dlf_2262
1524,ED_dlf_2263
1525,ED_dlf_2265
1526,ED_dlf_2269
1527,ED_dlf_2270
1528,ED_dlf_2273
1529,ED_dlf_2274
1530,ED_dlf_2275
1531,ED_dlf_2277
1532,ED_dlf_2278
1533,ED_dlf_2281
1534,ED_dlf_2282
1535,ED_dlf_2285
1536,ED_dlf_2286
1537,ED_dlf_2287
1538,ED_dlf_2288
1539,ED_dlf_2289
1540,ED_dlf_2290
1541,ED_dlf_2291
1542,ED_dlf_2292
1543,ED_dlf_2295
1544,ED_dlf_2296
1545,ED_dlf_2298
1546,ED_dlf_2299
1547,ED_dlf_2303
1548,ED_dlf_2305
1549,ED_dlf_2306
1550,ED_dlf_2307
1551,ED_dlf_2308
1552,ED_dlf_2309
1553,ED_dlf_2310
1554,ED_dlf_2311
1555,ED_dlf_2313
1556,ED_dlf_2314
1557,ED_dlf_2315
1558,ED_dlf_2318
1559,ED_dlf_2319
1560,ED_dlf_2321
1561,ED_dlf_2323
1562,ED_dlf_2325
1563,ED_dlf_2326
1564,ED_dlf_2327
1565,ED_dlf_2328
1566,ED_dlf_2329
1567,ED_dlf_2330
1568,ED_dlf_2331
1569,ED_dlf_2332
1570,ED_dlf_2333
1571,ED_dlf_2335
1572,ED_dlf_2336
1573,ED_dlf_2338
1574,ED_dlf_2339
1575,ED_dlf_2340
1576,ED_dlf_2341
1577,ED_dlf_2342
1578,ED_dlf_2348
1579,ED_dlf_2351
1580,ED_dlf_2352
1581,ED_dlf_2354
1582,ED_dlf_2355
1583,ED_dlf_2356
1584,ED_dlf_2357
1585,ED_dlf_2358
1586,ED_dlf_2359
1587,ED_dlf_2361
1588,ED_dlf_2363
1589,ED_dlf_2364
1590,ED_dlf_2365
1591,ED_dlf_2371
1592,ED_dlf_2372
1593,ED_dlf_2373
1594,ED_dlf_2374
1595,ED_dlf_2375
1596,ED_dlf_2376
1597,ED_dlf_2377
1598,ED_dlf_2378
1599,ED_dlf_2383
1600,ED_dlf_2384
1601,ED_dlf_2386
1602,ED_dlf_2387
1603,ED_dlf_2388
1604,ED_dlf_2389
1605,ED_dlf_2391
1606,ED_dlf_2395
1607,ED_dlf_2397
1608,ED_dlf_2399
1609,ED_dlf_2400
1610,ED_dlf_2401
1611,ED_dlf_2402
1612,ED_dlf_2403
1613,ED_dlf_2405
1614,ED_dlf_2406
1615,ED_dlf_2407
1616,ED_dlf_2408
1617,ED_dlf_2409
1618,ED_dlf_2410
1619,ED_dlf_2411
1620,ED_dlf_2414
1621,ED_dlf_2415
1622,ED_dlf_2417
1623,ED_dlf_2420
1624,ED_dlf_2424
1625,ED_dlf_2426
1626,ED_dlf_2427
1627,ED_dlf_2428
1628,ED_dlf_2429
1629,ED_dlf_2431
1630,ED_dlf_2433
1631,ED_dlf_2435
1632,ED_dlf_2436
1633,ED_dlf_2437
1634,ED_dlf_2438
1635,ED_dlf_2440
1636,ED_dlf_2441
1637,ED_dlf_2442
1638,ED_dlf_2445
1639,ED_dlf_2446
1640,ED_dlf_2447
1641,ED_dlf_2448
1642,ED_dlf_2449
1643,ED_dlf_2451
1644,ED_dlf_2452
1645,ED_dlf_2453
1646,ED_dlf_2455
1647,ED_dlf_2456
1648,ED_dlf_2457
1649,ED_dlf_2458
1650,ED_dlf_2459
1651,ED_dlf_2460
1652,ED_dlf_2461
1653,ED_dlf_2464
1654,ED_dlf_2465
1655,ED_dlf_2466
1656,ED_dlf_2467
1657,ED_dlf_2468
1658,ED_dlf_2469
1659,ED_dlf_2474
1660,ED_dlf_2476
1661,ED_dlf_2478
1662,ED_dlf_2479
1663,ED_dlf_2481
1664,ED_dlf_2482
1665,ED_dlf_2484
1666,ED_dlf_2486
1667,ED_dlf_2487
1668,ED_dlf_2488
1669,ED_dlf_2489
1670,ED_dlf_2490
1671,ED_dlf_2491
1672,ED_dlf_2492
1673,ED_dlf_2493
1674,ED_dlf_2495
1675,ED_dlf_2496
1676,ED_dlf_2497
1677,ED_dlf_2498
1678,ED_dlf_2499
1679,ED_dlf_2500
1680,ED_dlf_2501
1681,ED_dlf_2503
1682,ED_dlf_2504
1683,ED_dlf_2505
1684,ED_dlf_2506
1685,ED_dlf_2508
1686,ED_dlf_2510
1687,ED_dlf_2511
1688,ED_dlf_2512
1689,ED_dlf_2515
1690,ED_dlf_2516
1691,ED_dlf_2517
1692,ED_dlf_2518
1693,ED_dlf_2519
1694,ED_dlf_2521
1695,ED_dlf_2522
1696,ED_dlf_2526
1697,ED_dlf_2528
1698,ED_dlf_2529
1699,ED_dlf_2530
1700,ED_dlf_2531
1701,ED_dlf_2532
1702,ED_dlf_2533
1703,ED_dlf_2534
1704,ED_dlf_2537
1705,ED_dlf_2538
1706,ED_dlf_2539
1707,ED_dlf_2540
1708,ED_dlf_2541
1709,ED_dlf_2542
1710,ED_dlf_2543
1711,ED_dlf_2544
1712,ED_dlf_2548
1713,ED_dlf_2549
1714,ED_dlf_2550
1715,ED_dlf_2551
1716,ED_dlf_2553
1717,ED_dlf_2555
1718,ED_dlf_2556
1719,ED_dlf_2557
1720,ED_dlf_2558
1721,ED_dlf_2563
1722,ED_dlf_2566
1723,ED_dlf_2568
1724,ED_dlf_2569
1725,ED_dlf_2570
1726,ED_dlf_2571
1727,ED_dlf_2572
1728,ED_dlf_2573
1729,ED_dlf_2574
1730,ED_dlf_2575
1731,ED_dlf_2576
1732,ED_dlf_2578
1733,ED_dlf_2583
1734,ED_dlf_2584
1735,ED_dlf_2585
1736,ED_dlf_2586
1737,ED_dlf_2587
1738,ED_dlf_2589
1739,ED_dlf_2590
1740,ED_dlf_2591
1741,ED_dlf_2593
1742,ED_dlf_2596
1743,ED_dlf_2597
1744,ED_dlf_2598
1745,ED_dlf_2599
1746,ED_dlf_2600
1747,ED_dlf_2601
1748,ED_dlf_2603
1749,ED_dlf_2606
1750,ED_dlf_2607
1751,ED_dlf_2609
1752,ED_dlf_2610
1753,ED_dlf_2611
1754,ED_dlf_2612
1755,ED_dlf_2615
1756,ED_dlf_2616
1757,ED_dlf_2617
1758,ED_dlf_2618
1759,ED_dlf_2620
1760,ED_dlf_2622
1761,ED_dlf_2623
1762,ED_dlf_2625
1763,ED_dlf_2626
1764,ED_dlf_2627
1765,ED_dlf_2628
1766,ED_dlf_2629
1767,ED_dlf_2630
1768,ED_dlf_2631
1769,ED_dlf_2632
1770,ED_dlf_2633
1771,ED_dlf_2634
1772,ED_dlf_2635
1773,ED_dlf_2636
1774,ED_dlf_2637
1775,ED_dlf_2638
1776,ED_dlf_2641
1777,ED_dlf_2644
1778,ED_dlf_2646
1779,ED_dlf_2647
1780,ED_dlf_2648
1781,ED_dlf_2649
1782,ED_dlf_2651
1783,ED_dlf_2652
1784,ED_dlf_2653
1785,ED_dlf_2655
1786,ED_dlf_2656
1787,ED_dlf_2657
1788,ED_dlf_2658
1789,ED_dlf_2659
1790,ED_dlf_2660
1791,ED_dlf_2661
1792,ED_dlf_2663
1793,ED_dlf_2664
1794,ED_dlf_2665
1795,ED_dlf_2666
1796,ED_dlf_2668
1797,ED_dlf_2669
1798,ED_dlf_2670
1799,ED_dlf_2672
1800,ED_dlf_2673
1801,ED_dlf_2675
1802,ED_dlf_2676
1803,ED_dlf_2678
1804,ED_dlf_2679
1805,ED_dlf_2680
1806,ED_dlf_2683
1807,ED_dlf_2685
1808,ED_dlf_2687
1809,ED_dlf_2689
1810,ED_dlf_2690
1811,ED_dlf_2694
1812,ED_dlf_2695
1813,ED_dlf_2696
1814,ED_dlf_2697
1815,ED_dlf_2698
1816,ED_dlf_2699
1817,ED_dlf_2700
1818,ED_dlf_2701
1819,ED_dlf_2705
1820,ED_dlf_2706
1821,ED_dlf_2709
1822,ED_dlf_2710
1823,ED_dlf_2712
1824,ED_dlf_2713
1825,ED_dlf_2714
1826,ED_dlf_2716
1827,ED_dlf_2717
1828,ED_dlf_2718
1829,ED_dlf_2721
1830,ED_dlf_2722
1831,ED_dlf_2725
1832,ED_dlf_2727
1833,ED_dlf_2728
1834,ED_dlf_2729
1835,ED_dlf_2730
1836,ED_dlf_2732
1837,ED_dlf_2733
1838,ED_dlf_2736
1839,ED_dlf_2738
1840,ED_dlf_2739
1841,ED_dlf_2740
1842,ED_dlf_2741
1843,ED_dlf_2742
1844,ED_dlf_2744
1845,ED_dlf_2745
1846,ED_dlf_2747
1847,ED_dlf_2748
1848,ED_dlf_2749
1849,ED_dlf_2750
1850,ED_dlf_2751
1851,ED_dlf_2752
1852,ED_dlf_2753
1853,ED_dlf_2755
1854,ED_dlf_2757
1855,ED_dlf_2758
1856,ED_dlf_2759
1857,ED_dlf_2760
1858,ED_dlf_2763
1859,ED_dlf_2765
1860,ED_dlf_2768
1861,ED_dlf_2769
1862,ED_dlf_2770
1863,ED_dlf_2771
1864,ED_dlf_2772
1865,ED_dlf_2773
1866,ED_dlf_2775
1867,ED_dlf_2777
1868,ED_dlf_2778
1869,ED_dlf_2779
1870,ED_dlf_2780
1871,ED_dlf_2781
1872,ED_dlf_2782
1873,ED_dlf_2785
1874,ED_dlf_2786
1875,ED_dlf_2787
1876,ED_dlf_2788
1877,ED_dlf_2793
1878,ED_dlf_2794
1879,ED_dlf_2796
1880,ED_dlf_2798
1881,ED_dlf_2801
1882,ED_dlf_2803
1883,ED_dlf_2807
1884,ED_dlf_2808
1885,ED_dlf_2809
1886,ED_dlf_2810
1887,ED_dlf_2811
1888,ED_dlf_2813
1889,ED_dlf_2814
1890,ED_dlf_2817
1891,ED_dlf_2819
1892,ED_dlf_2820
1893,ED_dlf_2822
1894,ED_dlf_2823
1895,ED_dlf_2826
1896,ED_dlf_2827
1897,ED_dlf_2828
1898,ED_dlf_2829
1899,ED_dlf_2830
1900,ED_dlf_2832
1901,ED_dlf_2838
1902,ED_dlf_2839
1903,ED_dlf_2840
1904,ED_dlf_2841
1905,ED_dlf_2842
1906,ED_dlf_2843
1907,ED_dlf_2844
1908,ED_dlf_2845
1909,ED_dlf_2846
1910,ED_dlf_2848
1911,ED_dlf_2850
1912,ED_dlf_2854
1913,ED_dlf_2856
1914,ED_dlf_2857
1915,ED_dlf_2861
1916,ED_dlf_2864
1917,ED_dlf_2865
1918,ED_dlf_2867
1919,ED_dlf_2868
1920,ED_dlf_2869
1921,ED_dlf_2870
1922,ED_dlf_2874
1923,ED_dlf_2875
1924,ED_dlf_2876
1925,ED_dlf_2878
1926,ED_dlf_2879
1927,ED_dlf_2881
1928,ED_dlf_2885
1929,ED_dlf_2889
1930,ED_dlf_2891
1931,ED_dlf_2893
1932,ED_dlf_2894
1933,ED_dlf_2896
1934,ED_dlf_2898
1935,ED_dlf_2899
1936,ED_dlf_2901
1937,ED_dlf_2902
1938,ED_dlf_2903
1939,ED_dlf_2904
1940,ED_dlf_2906
1941,ED_dlf_2907
1942,ED_dlf_2909
1943,ED_dlf_2910
1944,ED_dlf_2911
1945,ED_dlf_2913
1946,ED_dlf_2914
1947,ED_dlf_2915
1948,ED_dlf_2916
1949,ED_dlf_2918
1950,ED_dlf_2921
1951,ED_dlf_2922
1952,ED_dlf_2924
1953,ED_dlf_2925
1954,ED_dlf_2926
1955,ED_dlf_2928
1956,ED_dlf_2931
1957,ED_dlf_2932
1958,ED_dlf_2934
1959,ED_dlf_2935
1960,ED_dlf_2937
1961,ED_dlf_2938
1962,ED_dlf_2939
1963,ED_dlf_2941
1964,ED_dlf_2942
1965,ED_dlf_2943
1966,ED_dlf_2945
1967,ED_dlf_2946
1968,ED_dlf_2948
1969,ED_dlf_2949
1970,ED_dlf_2950
1971,ED_dlf_2951
1972,ED_dlf_2953
1973,ED_dlf_2955
1974,ED_dlf_2957
1975,ED_dlf_2958
1976,ED_dlf_2960
1977,ED_dlf_2961
1978,ED_dlf_2962
1979,ED_dlf_2967
1980,ED_dlf_2968
1981,ED_dlf_2969
1982,ED_dlf_2970
1983,ED_dlf_2972
1984,ED_dlf_2973
1985,ED_dlf_2975
1986,ED_dlf_2976
1987,ED_dlf_2977
1988,ED_dlf_2978
1989,ED_dlf_2979
1990,ED_dlf_2981
1991,ED_dlf_2982
1992,ED_dlf_2983
1993,ED_dlf_2984
1994,ED_dlf_2985
1995,ED_dlf_2987
1996,ED_dlf_2989
1997,ED_dlf_2990
1998,ED_dlf_2991
1999,ED_dlf_2992
2000,ED_dlf_2993
2001,ED_dlf_2995
2002,ED_dlf_2996
2003,ED_dlf_2998
2004,ED_dlf_2999
2005,ED_dlf_3001
2006,ED_dlf_3002
2007,ED_dlf_3003
2008,ED_dlf_3006
2009,ED_dlf_3008
2010,ED_dlf_3009
2011,ED_dlf_3010
2012,ED_dlf_3011
2013,ED_dlf_3013
2014,ED_dlf_3014
2015,ED_dlf_3015
2016,ED_dlf_3017
2017,ED_dlf_3019
2018,ED_dlf_3020
2019,ED_dlf_3021
2020,ED_dlf_3022
2021,ED_dlf_3023
2022,ED_dlf_3025
2023,ED_dlf_3026
2024,ED_dlf_3029
2025,ED_dlf_3031
2026,ED_dlf_3033
2027,ED_dlf_3034
2028,ED_dlf_3035
2029,ED_dlf_3036
2030,ED_dlf_3037
2031,ED_dlf_3038
2032,ED_dlf_3040
2033,ED_dlf_3043
2034,ED_dlf_3045
2035,ED_dlf_3046
2036,ED_dlf_3047
2037,ED_dlf_3048
2038,ED_dlf_3051
2039,ED_dlf_3053
2040,ED_dlf_3054
2041,ED_dlf_3056
2042,ED_dlf_3060
2043,ED_dlf_3064
2044,ED_dlf_3065
2045,ED_dlf_3066
2046,ED_dlf_3067
2047,ED_dlf_3069
2048,ED_dlf_3072
2049,ED_dlf_3075
2050,ED_dlf_3076
2051,ED_dlf_3077
2052,ED_dlf_3079
2053,ED_dlf_3080
2054,ED_dlf_3081
2055,ED_dlf_3083
2056,ED_dlf_3084
2057,ED_dlf_3086
2058,ED_dlf_3090
2059,ED_dlf_3091
2060,ED_dlf_3092
2061,ED_dlf_3093
2062,ED_dlf_3094
2063,ED_dlf_3097
2064,ED_dlf_3098
2065,ED_dlf_3101
2066,ED_dlf_3103
2067,ED_dlf_3104
2068,ED_dlf_3106
2069,ED_dlf_3108
2070,ED_dlf_3110
2071,ED_dlf_3111
2072,ED_dlf_3113
2073,ED_dlf_3117
2074,ED_dlf_3120
2075,ED_dlf_3122
2076,ED_dlf_3123
2077,ED_dlf_3124
2078,ED_dlf_3125
2079,ED_dlf_3126
2080,ED_dlf_3127
2081,ED_dlf_3129
2082,ED_dlf_3133
2083,ED_dlf_3134
2084,ED_dlf_3135
2085,ED_dlf_3137
2086,ED_dlf_3141
2087,ED_dlf_3143
2088,ED_dlf_3145
2089,ED_dlf_3146
2090,ED_dlf_3147
2091,ED_dlf_3148
2092,ED_dlf_3149
2093,ED_dlf_3152
2094,ED_dlf_3155
2095,ED_dlf_3156
2096,ED_dlf_3158
2097,ED_dlf_3159
2098,ED_dlf_3161
2099,ED_dlf_3164
2100,ED_dlf_3165
2101,ED_dlf_3166
2102,ED_dlf_3168
2103,ED_dlf_3170
2104,ED_dlf_3171
2105,ED_dlf_3172
2106,ED_dlf_3173
2107,ED_dlf_3176
2108,ED_dlf_3177
2109,ED_dlf_3178
2110,ED_dlf_3180
2111,ED_dlf_3181
2112,ED_dlf_3183
2113,ED_dlf_3184
2114,ED_dlf_3186
2115,ED_dlf_3187
2116,ED_dlf_3188
2117,ED_dlf_3189
2118,ED_dlf_3190
2119,ED_dlf_3191
2120,ED_dlf_3192
2121,ED_dlf_3194
2122,ED_dlf_3196
2123,ED_dlf_3197
2124,ED_dlf_3199
2125,ED_dlf_3200
2126,ED_dlf_3203
2127,ED_dlf_3205
2128,ED_dlf_3207
2129,ED_dlf_3208
2130,ED_dlf_3211
2131,ED_dlf_3212
2132,ED_dlf_3213
2133,ED_dlf_3214
2134,ED_dlf_3216
2135,ED_dlf_3217
2136,ED_dlf_3218
2137,ED_dlf_3219
2138,ED_dlf_3222
2139,ED_dlf_3223
2140,ED_dlf_3224
2141,ED_dlf_3228
2142,ED_dlf_3229
2143,ED_dlf_3231
2144,ED_dlf_3234
2145,ED_dlf_3235
2146,ED_dlf_3236
2147,ED_dlf_3239
2148,ED_dlf_3240
2149,ED_dlf_3241
2150,ED_dlf_3242
2151,ED_dlf_3243
2152,ED_dlf_3244
2153,ED_dlf_3245
2154,ED_dlf_3247
2155,ED_dlf_3248
2156,ED_dlf_3249
2157,ED_dlf_3250
2158,ED_dlf_3251
2159,ED_dlf_3254
2160,ED_dlf_3256
2161,ED_dlf_3257
2162,ED_dlf_3259
2163,ED_dlf_3261
2164,ED_dlf_3263
2165,ED_dlf_3264
2166,ED_dlf_3265
2167,ED_dlf_3266
2168,ED_dlf_3267
2169,ED_dlf_3268
2170,ED_dlf_3269
2171,ED_dlf_3270
2172,ED_dlf_3271
2173,ED_dlf_3272
2174,ED_dlf_3273
2175,ED_dlf_3274
2176,ED_dlf_3275
2177,ED_dlf_3276
2178,ED_dlf_3278
2179,ED_dlf_3279
2180,ED_dlf_3281
2181,ED_dlf_3282
2182,ED_dlf_3283
2183,ED_dlf_3284
2184,ED_dlf_3286
2185,ED_dlf_3287
2186,ED_dlf_3289
2187,ED_dlf_3291
2188,ED_dlf_3294
2189,ED_dlf_3295
2190,ED_dlf_3298
2191,ED_dlf_3299
2192,ED_dlf_3300
2193,ED_dlf_3303
2194,ED_dlf_3304
2195,ED_dlf_3305
2196,ED_dlf_3306
2197,ED_dlf_3307
2198,ED_dlf_3309
2199,ED_dlf_3310
2200,ED_dlf_3311
2201,ED_dlf_3312
2202,ED_dlf_3313
2203,ED_dlf_3314
2204,ED_dlf_3315
2205,ED_dlf_3316
2206,ED_dlf_3317
2207,ED_dlf_3319
2208,ED_dlf_3320
2209,ED_dlf_3323
2210,ED_dlf_3324
2211,ED_dlf_3325
2212,ED_dlf_3329
2213,ED_dlf_3332
2214,ED_dlf_3333
2215,ED_dlf_3334
2216,ED_dlf_3335
2217,ED_dlf_3336
2218,ED_dlf_3337
2219,ED_dlf_3338
2220,ED_dlf_3339
2221,ED_dlf_3341
2222,ED_dlf_3342
2223,ED_dlf_3343
2224,ED_dlf_3344
2225,ED_dlf_3345
2226,ED_dlf_3346
2227,ED_dlf_3351
2228,ED_dlf_3353
2229,ED_dlf_3354
2230,ED_dlf_3356
2231,ED_dlf_3357
2232,ED_dlf_3358
2233,ED_dlf_3359
2234,ED_dlf_3360
2235,ED_dlf_3361
2236,ED_dlf_3362
2237,ED_dlf_3363
2238,ED_dlf_3365
2239,ED_dlf_3366
2240,ED_dlf_3369
2241,ED_dlf_3370
2242,ED_dlf_3371
2243,ED_dlf_3373
2244,ED_dlf_3375
2245,ED_dlf_3376
2246,ED_dlf_3377
2247,ED_dlf_3378
2248,ED_dlf_3380
2249,ED_dlf_3381
2250,ED_dlf_3382
2251,ED_dlf_3383
2252,ED_dlf_3384
2253,ED_dlf_3385
2254,ED_dlf_3387
2255,ED_dlf_3389
2256,ED_dlf_3390
2257,ED_dlf_3393
2258,ED_dlf_3394
2259,ED_dlf_3396
2260,ED_dlf_3397
2261,ED_dlf_3398
2262,ED_dlf_3399
2263,ED_dlf_3400
2264,ED_dlf_3401
2265,ED_dlf_3402
2266,ED_dlf_3403
2267,ED_dlf_3404
2268,ED_dlf_3406
2269,ED_dlf_3407
2270,ED_dlf_3408
2271,ED_dlf_3409
2272,ED_dlf_3411
2273,ED_dlf_3413
2274,ED_dlf_3414
2275,ED_dlf_3416
2276,ED_dlf_3417
2277,ED_dlf_3418
2278,ED_dlf_3420
2279,ED_dlf_3422
2280,ED_dlf_3423
2281,ED_dlf_3424
2282,ED_dlf_3426
2283,ED_dlf_3427
2284,ED_dlf_3429
2285,ED_dlf_3430
2286,ED_dlf_3431
2287,ED_dlf_3432
2288,ED_dlf_3433
2289,ED_dlf_3434
2290,ED_dlf_3435
2291,ED_dlf_3437
2292,ED_dlf_3438
2293,ED_dlf_3439
2294,ED_dlf_3440
2295,ED_dlf_3441
2296,ED_dlf_3442
2297,ED_dlf_3443
2298,ED_dlf_3444
2299,ED_dlf_3445
2300,ED_dlf_3446
2301,ED_dlf_3448
2302,ED_dlf_3449
2303,ED_dlf_3451
2304,ED_dlf_3452
2305,ED_dlf_3455
2306,ED_dlf_3456
2307,ED_dlf_3459
2308,ED_dlf_3460
2309,ED_dlf_3461
2310,ED_dlf_3462
2311,ED_dlf_3463
2312,ED_dlf_3464
2313,ED_dlf_3468
2314,ED_dlf_3472
2315,ED_dlf_3475
2316,ED_dlf_3479
2317,ED_dlf_3481
2318,ED_dlf_3482
2319,ED_dlf_3483
2320,ED_dlf_3485
2321,ED_dlf_3486
2322,ED_dlf_3490
2323,ED_dlf_3492
2324,ED_dlf_3494
2325,ED_dlf_3496
2326,ED_dlf_3498
2327,ED_dlf_3499
2328,ED_dlf_3500
2329,ED_dlf_3501
2330,ED_dlf_3503
2331,ED_dlf_3506
2332,ED_dlf_3508
2333,ED_dlf_3512
2334,ED_dlf_3513
2335,ED_dlf_3514
2336,ED_dlf_3515
2337,ED_dlf_3517
2338,ED_dlf_3518
2339,ED_dlf_3519
2340,ED_dlf_3520
2341,ED_dlf_3521
2342,ED_dlf_3522
2343,ED_dlf_3523
2344,ED_dlf_3525
2345,ED_dlf_3526
2346,ED_dlf_3528
2347,ED_dlf_3529
2348,ED_dlf_3531
2349,ED_dlf_3532
2350,ED_dlf_3535
2351,ED_dlf_3536
2352,ED_dlf_3537
2353,ED_dlf_3540
2354,ED_dlf_3541
2355,ED_dlf_3542
2356,ED_dlf_3543
2357,ED_dlf_3544
2358,ED_dlf_3545
2359,ED_dlf_3547
2360,ED_dlf_3548
2361,ED_dlf_3549
2362,ED_dlf_3551
2363,ED_dlf_3552
2364,ED_dlf_3553
2365,ED_dlf_3554
2366,ED_dlf_3555
2367,ED_dlf_3556
2368,ED_dlf_3557
2369,ED_dlf_3558
2370,ED_dlf_3559
2371,ED_dlf_3561
2372,ED_dlf_3562
2373,ED_dlf_3563
2374,ED_dlf_3564
2375,ED_dlf_3565
2376,ED_dlf_3566
2377,ED_dlf_3568
2378,ED_dlf_3570
2379,ED_dlf_3571
2380,ED_dlf_3572
2381,ED_dlf_3574
2382,ED_dlf_3575
2383,ED_dlf_3576
2384,ED_dlf_3578
2385,ED_dlf_3580
2386,ED_dlf_3581
2387,ED_dlf_3585
2388,ED_dlf_3588
2389,ED_dlf_3590
2390,ED_dlf_3591
2391,ED_dlf_3592
2392,ED_dlf_3594
2393,ED_dlf_3597
2394,ED_dlf_3598
2395,ED_dlf_3599
2396,ED_dlf_3600
2397,ED_dlf_3601
2398,ED_dlf_3602
2399,ED_dlf_3604
2400,ED_dlf_3608
2401,ED_dlf_3609
2402,ED_dlf_3611
2403,ED_dlf_3612
2404,ED_dlf_3614
2405,ED_dlf_3615
2406,ED_dlf_3617
2407,ED_dlf_3618
2408,ED_dlf_3621
2409,ED_dlf_3623
2410,ED_dlf_3624
2411,ED_dlf_3626
2412,ED_dlf_3628
2413,ED_dlf_3629
2414,ED_dlf_3630
2415,ED_dlf_3633
2416,ED_dlf_3634
2417,ED_dlf_3635
2418,ED_dlf_3636
2419,ED_dlf_3637
2420,ED_dlf_3638
2421,ED_dlf_3641
2422,ED_dlf_3642
2423,ED_dlf_3643
2424,ED_dlf_3645
2425,ED_dlf_3646
2426,ED_dlf_3647
2427,ED_dlf_3648
2428,ED_dlf_3649
2429,ED_dlf_3650
2430,ED_dlf_3653
2431,ED_dlf_3655
2432,ED_dlf_3657
2433,ED_dlf_3660
2434,ED_dlf_3661
2435,ED_dlf_3664
2436,ED_dlf_3665
2437,ED_dlf_3667
2438,ED_dlf_3668
2439,ED_dlf_3670
2440,ED_dlf_3672
2441,ED_dlf_3675
2442,ED_dlf_3678
2443,ED_dlf_3679
2444,ED_dlf_3682
2445,ED_dlf_3684
2446,ED_dlf_3685
2447,ED_dlf_3686
2448,ED_dlf_3688
2449,ED_dlf_3689
2450,ED_dlf_3690
2451,ED_dlf_3691
2452,ED_dlf_3693
2453,ED_dlf_3694
2454,ED_dlf_3695
2455,ED_dlf_3696
2456,ED_dlf_3698
2457,ED_dlf_3699
2458,ED_dlf_3702
2459,ED_dlf_3704
2460,ED_dlf_3707
2461,ED_dlf_3708
2462,ED_dlf_3709
2463,ED_dlf_3710
2464,ED_dlf_3711
2465,ED_dlf_3713
2466,ED_dlf_3714
2467,ED_dlf_3715
2468,ED_dlf_3716
2469,ED_dlf_3718
2470,ED_dlf_3719
2471,ED_dlf_3720
2472,ED_dlf_3724
2473,ED_dlf_3725
2474,ED_dlf_3726
2475,ED_dlf_3727
2476,ED_dlf_3729
2477,ED_dlf_3730
2478,ED_dlf_3731
2479,ED_dlf_3735
2480,ED_dlf_3736
2481,ED_dlf_3737
2482,ED_dlf_3738
2483,ED_dlf_3739
2484,ED_dlf_3741
2485,ED_dlf_3742
2486,ED_dlf_3743
2487,ED_dlf_3744
2488,ED_dlf_3745
2489,ED_dlf_3747
2490,ED_dlf_3748
2491,ED_dlf_3749
2492,ED_dlf_3750
2493,ED_dlf_3752
2494,ED_dlf_3753
2495,ED_dlf_3754
2496,ED_dlf_3757
2497,ED_dlf_3759
2498,ED_dlf_3760
2499,ED_dlf_3761
2500,ED_dlf_3762
2501,ED_dlf_3763
2502,ED_dlf_3764
2503,ED_dlf_3765
2504,ED_dlf_3767
2505,ED_dlf_3769
2506,ED_dlf_3770
2507,ED_dlf_3771
2508,ED_dlf_3773
2509,ED_dlf_3775
2510,ED_dlf_3776
2511,ED_dlf_3777
2512,ED_dlf_3778
2513,ED_dlf_3779
2514,ED_dlf_3780
2515,ED_dlf_3781
2516,ED_dlf_3782
2517,ED_dlf_3783
2518,ED_dlf_3784
2519,ED_dlf_3786
2520,ED_dlf_3788
2521,ED_dlf_3789
2522,ED_dlf_3790
2523,ED_dlf_3791
2524,ED_dlf_3792
2525,ED_dlf_3793
2526,ED_dlf_3795
2527,ED_dlf_3798
2528,ED_dlf_3799
2529,ED_dlf_3800
2530,ED_dlf_3801
2531,ED_dlf_3802
2532,ED_dlf_3803
2533,ED_dlf_3804
2534,ED_dlf_3805
2535,ED_dlf_3806
2536,ED_dlf_3807
2537,ED_dlf_3808
2538,ED_dlf_3811
2539,ED_dlf_3812
2540,ED_dlf_3813
2541,ED_dlf_3814
2542,ED_dlf_3815
2543,ED_dlf_3816
2544,ED_dlf_3817
2545,ED_dlf_3818
2546,ED_dlf_3819
2547,ED_dlf_3820
2548,ED_dlf_3823
2549,ED_dlf_3824
2550,ED_dlf_3827
2551,ED_dlf_3828
2552,ED_dlf_3830
2553,ED_dlf_3831
2554,ED_dlf_3833
2555,ED_dlf_3834
2556,ED_dlf_3836
2557,ED_dlf_3837
2558,ED_dlf_3839
2559,ED_dlf_3840
2560,ED_dlf_3841
2561,ED_dlf_3842
2562,ED_dlf_3843
2563,ED_dlf_3844
2564,ED_dlf_3845
2565,ED_dlf_3846
2566,ED_dlf_3847
2567,ED_dlf_3848
2568,ED_dlf_3849
2569,ED_dlf_3850
2570,ED_dlf_3851
2571,ED_dlf_3852
2572,ED_dlf_3854
2573,ED_dlf_3855
2574,ED_dlf_3856
2575,ED_dlf_3858
2576,ED_dlf_3859
2577,ED_dlf_3860
2578,ED_dlf_3861
2579,ED_dlf_3862
2580,ED_dlf_3863
2581,ED_dlf_3864
2582,ED_dlf_3865
2583,ED_dlf_3866
2584,ED_dlf_3867
2585,ED_dlf_3869
2586,ED_dlf_3870
2587,ED_dlf_3871
2588,ED_dlf_3872
2589,ED_dlf_3875
2590,ED_dlf_3876
2591,ED_dlf_3877
2592,ED_dlf_3880
2593,ED_dlf_3882
2594,ED_dlf_3884
2595,ED_dlf_3886
2596,ED_dlf_3887
2597,ED_dlf_3889
2598,ED_dlf_3890
2599,ED_dlf_3892
2600,ED_dlf_3894
2601,ED_dlf_3895
2602,ED_dlf_3896
2603,ED_dlf_3897
2604,ED_dlf_3898
2605,ED_dlf_3901
2606,ED_dlf_3903
2607,ED_dlf_3906
2608,ED_dlf_3908
2609,ED_dlf_3910
2610,ED_dlf_3911
2611,ED_dlf_3912
2612,ED_dlf_3913
2613,ED_dlf_3914
2614,ED_dlf_3915
2615,ED_dlf_3916
2616,ED_dlf_3917
2617,ED_dlf_3918
2618,ED_dlf_3920
2619,ED_dlf_3922
2620,ED_dlf_3925
2621,ED_dlf_3927
2622,ED_dlf_3928
2623,ED_dlf_3929
2624,ED_dlf_3930
2625,ED_dlf_3931
2626,ED_dlf_3933
2627,ED_dlf_3935
2628,ED_dlf_3936
2629,ED_dlf_3937
2630,ED_dlf_3940
2631,ED_dlf_3941
2632,ED_dlf_3942
2633,ED_dlf_3943
2634,ED_dlf_3944
2635,ED_dlf_3945
2636,ED_dlf_3946
2637,ED_dlf_3947
2638,ED_dlf_3948
2639,ED_dlf_3949
2640,ED_dlf_3950
2641,ED_dlf_3951
2642,ED_dlf_3952
2643,ED_dlf_3954
2644,ED_dlf_3958
2645,ED_dlf_3960
2646,ED_dlf_3962
2647,ED_dlf_3964
2648,ED_dlf_3966
2649,ED_dlf_3967
2650,ED_dlf_3968
2651,ED_dlf_3970
2652,ED_dlf_3971
2653,ED_dlf_3972
2654,ED_dlf_3973
2655,ED_dlf_3975
2656,ED_dlf_3976
2657,ED_dlf_3977
2658,ED_dlf_3979
2659,ED_dlf_3981
2660,ED_dlf_3983
2661,ED_dlf_3986
2662,ED_dlf_3988
2663,ED_dlf_3989
2664,ED_dlf_3991
2665,ED_dlf_3992
2666,ED_dlf_3993
2667,ED_dlf_3997
2668,ED_dlf_4000
2669,ED_dlf_4001
2670,ED_dlf_4002
2671,ED_dlf_4003
2672,ED_dlf_4004
2673,ED_dlf_4005
2674,ED_dlf_4006
2675,ED_dlf_4007
2676,ED_dlf_4009
2677,ED_dlf_4010
2678,ED_dlf_4013
2679,ED_dlf_4017
2680,ED_dlf_4018
2681,ED_dlf_4019
2682,ED_dlf_4020
2683,ED_dlf_4023
2684,ED_dlf_4024
2685,ED_dlf_4025
2686,ED_dlf_4030
2687,ED_dlf_4033
2688,ED_dlf_4034
2689,ED_dlf_4036
2690,ED_dlf_4037
2691,ED_dlf_4039
2692,ED_dlf_4041
2693,ED_dlf_4042
2694,ED_dlf_4044
2695,ED_dlf_4046
2696,ED_dlf_4047
2697,ED_dlf_4049
2698,ED_dlf_4050
2699,ED_dlf_4053
2700,ED_dlf_4054
2701,ED_dlf_4059
2702,ED_dlf_4060
2703,ED_dlf_4061
2704,ED_dlf_4062
2705,ED_dlf_4064
2706,ED_dlf_4068
2707,ED_dlf_4069
2708,ED_dlf_4071
2709,ED_dlf_4075
2710,ED_dlf_4076
2711,ED_dlf_4078
2712,ED_dlf_4079
2713,ED_dlf_4080
2714,ED_dlf_4081
2715,ED_dlf_4082
2716,ED_dlf_4083
2717,ED_dlf_4085
2718,ED_dlf_4086
2719,ED_dlf_4088
2720,ED_dlf_4089
2721,ED_dlf_4091
2722,ED_dlf_4093
2723,ED_dlf_4094
2724,ES_dlf_0
2725,ES_dlf_1
2726,ES_dlf_2
2727,ES_dlf_4
2728,ES_dlf_5
2729,ES_dlf_7
2730,ES_dlf_8
2731,ES_dlf_9
2732,ES_dlf_10
2733,ES_dlf_13
2734,ES_dlf_14
2735,ES_dlf_16
2736,ES_dlf_17
2737,ES_dlf_22
2738,ES_dlf_23
2739,ES_dlf_27
2740,ES_dlf_28
2741,ES_dlf_30
2742,ES_dlf_31
2743,ES_dlf_32
2744,ES_dlf_36
2745,ES_dlf_38
2746,ES_dlf_39
2747,ES_dlf_40
2748,ES_dlf_43
2749,ES_dlf_44
2750,ES_dlf_51
2751,ES_dlf_53
2752,ES_dlf_54
2753,ES_dlf_56
2754,ES_dlf_57
2755,ES_dlf_59
2756,ES_dlf_60
2757,ES_dlf_61
2758,ES_dlf_62
2759,ES_dlf_63
2760,ES_dlf_64
2761,ES_dlf_65
2762,ES_dlf_66
2763,ES_dlf_67
2764,ES_dlf_68
2765,ES_dlf_70
2766,ES_dlf_71
2767,ES_dlf_72
2768,ES_dlf_73
2769,ES_dlf_76
2770,ES_dlf_77
2771,ES_dlf_81
2772,ES_dlf_82
2773,ES_dlf_83
2774,ES_dlf_84
2775,ES_dlf_86
2776,ES_dlf_87
2777,ES_dlf_88
2778,ES_dlf_89
2779,ES_dlf_90
2780,ES_dlf_91
2781,ES_dlf_92
2782,ES_dlf_94
2783,ES_dlf_95
2784,ES_dlf_96
2785,ES_dlf_98
2786,ES_dlf_99
2787,ES_dlf_101
2788,ES_dlf_103
2789,ES_dlf_105
2790,ES_dlf_107
2791,ES_dlf_108
2792,ES_dlf_110
2793,ES_dlf_111
2794,ES_dlf_112
2795,ES_dlf_113
2796,ES_dlf_114
2797,ES_dlf_116
2798,ES_dlf_117
2799,ES_dlf_118
2800,ES_dlf_119
2801,ES_dlf_120
2802,ES_dlf_122
2803,ES_dlf_124
2804,ES_dlf_126
2805,ES_dlf_128
2806,ES_dlf_129
2807,ES_dlf_130
2808,ES_dlf_131
2809,ES_dlf_134
2810,ES_dlf_135
2811,ES_dlf_137
2812,ES_dlf_144
2813,ES_dlf_146
2814,ES_dlf_148
2815,ES_dlf_150
2816,ES_dlf_152
2817,ES_dlf_153
2818,ES_dlf_154
2819,ES_dlf_157
2820,ES_dlf_158
2821,ES_dlf_162
2822,ES_dlf_166
2823,ES_dlf_167
2824,ES_dlf_168
2825,ES_dlf_169
2826,ES_dlf_170
2827,ES_dlf_172
2828,ES_dlf_173
2829,ES_dlf_174
2830,ES_dlf_176
2831,ES_dlf_178
2832,ES_dlf_179
2833,ES_dlf_181
2834,ES_dlf_183
2835,ES_dlf_192
2836,ES_dlf_195
2837,ES_dlf_197
2838,ES_dlf_199
2839,ES_dlf_203
2840,ES_dlf_205
2841,ES_dlf_208
2842,ES_dlf_209
2843,ES_dlf_210
2844,ES_dlf_212
2845,ES_dlf_213
2846,ES_dlf_215
2847,ES_dlf_216
2848,ES_dlf_218
2849,ES_dlf_219
2850,ES_dlf_220
2851,ES_dlf_221
2852,ES_dlf_223
2853,ES_dlf_224
2854,ES_dlf_225
2855,ES_dlf_226
2856,ES_dlf_227
2857,ES_dlf_232
2858,ES_dlf_233
2859,ES_dlf_235
2860,ES_dlf_236
2861,ES_dlf_237
2862,ES_dlf_238
2863,ES_dlf_239
2864,ES_dlf_241
2865,ES_dlf_245
2866,ES_dlf_248
2867,ES_dlf_252
2868,ES_dlf_253
2869,ES_dlf_255
2870,ES_dlf_256
2871,ES_dlf_257
2872,ES_dlf_258
2873,ES_dlf_259
2874,ES_dlf_261
2875,ES_dlf_262
2876,ES_dlf_263
2877,ES_dlf_265
2878,ES_dlf_266
2879,ES_dlf_267
2880,ES_dlf_268
2881,ES_dlf_269
2882,ES_dlf_270
2883,ES_dlf_271
2884,ES_dlf_272
2885,ES_dlf_275
2886,ES_dlf_276
2887,ES_dlf_279
2888,ES_dlf_280
2889,ES_dlf_281
2890,ES_dlf_283
2891,ES_dlf_285
2892,ES_dlf_286
2893,ES_dlf_287
2894,ES_dlf_288
2895,ES_dlf_290
2896,ES_dlf_293
2897,ES_dlf_294
2898,ES_dlf_295
2899,ES_dlf_296
2900,ES_dlf_297
2901,ES_dlf_298
2902,ES_dlf_299
2903,ES_dlf_300
2904,ES_dlf_301
2905,ES_dlf_303
2906,ES_dlf_304
2907,ES_dlf_305
2908,ES_dlf_306
2909,ES_dlf_307
2910,ES_dlf_308
2911,ES_dlf_309
2912,ES_dlf_310
2913,ES_dlf_314
2914,ES_dlf_315
2915,ES_dlf_320
2916,ES_dlf_322
2917,ES_dlf_323
2918,ES_dlf_325
2919,ES_dlf_326
2920,ES_dlf_327
2921,ES_dlf_331
2922,ES_dlf_333
2923,ES_dlf_334
2924,ES_dlf_336
2925,ES_dlf_337
2926,ES_dlf_339
2927,ES_dlf_341
2928,ES_dlf_342
2929,ES_dlf_343
2930,ES_dlf_344
2931,ES_dlf_345
2932,ES_dlf_346
2933,ES_dlf_347
2934,ES_dlf_350
2935,ES_dlf_352
2936,ES_dlf_353
2937,ES_dlf_355
2938,ES_dlf_356
2939,ES_dlf_358
2940,ES_dlf_360
2941,ES_dlf_363
2942,ES_dlf_365
2943,ES_dlf_367
2944,ES_dlf_368
2945,ES_dlf_370
2946,ES_dlf_372
2947,ES_dlf_373
2948,ES_dlf_374
2949,ES_dlf_375
2950,ES_dlf_376
2951,ES_dlf_377
2952,ES_dlf_379
2953,ES_dlf_380
2954,ES_dlf_381
2955,ES_dlf_383
2956,ES_dlf_385
2957,ES_dlf_386
2958,ES_dlf_387
2959,ES_dlf_388
2960,ES_dlf_390
2961,ES_dlf_392
2962,ES_dlf_394
2963,ES_dlf_396
2964,ES_dlf_397
2965,ES_dlf_398
2966,ES_dlf_399
2967,ES_dlf_400
2968,ES_dlf_401
2969,ES_dlf_402
2970,ES_dlf_403
2971,ES_dlf_404
2972,ES_dlf_405
2973,ES_dlf_406
2974,ES_dlf_411
2975,ES_dlf_412
2976,ES_dlf_413
2977,ES_dlf_414
2978,ES_dlf_417
2979,ES_dlf_418
2980,ES_dlf_419
2981,ES_dlf_422
2982,ES_dlf_423
2983,ES_dlf_424
2984,ES_dlf_425
2985,ES_dlf_428
2986,ES_dlf_430
2987,ES_dlf_431
2988,ES_dlf_432
2989,ES_dlf_433
2990,ES_dlf_434
2991,ES_dlf_435
2992,ES_dlf_436
2993,ES_dlf_437
2994,ES_dlf_438
2995,ES_dlf_443
2996,ES_dlf_447
2997,ES_dlf_449
2998,ES_dlf_450
2999,ES_dlf_452
3000,ES_dlf_453
3001,ES_dlf_454
3002,ES_dlf_456
3003,ES_dlf_457
3004,ES_dlf_459
3005,ES_dlf_461
3006,ES_dlf_462
3007,ES_dlf_463
3008,ES_dlf_464
3009,ES_dlf_465
3010,ES_dlf_466
3011,ES_dlf_467
3012,ES_dlf_468
3013,ES_dlf_469
3014,ES_dlf_471
3015,ES_dlf_473
3016,ES_dlf_477
3017,ES_dlf_480
3018,ES_dlf_481
3019,ES_dlf_482
3020,ES_dlf_483
3021,ES_dlf_485
3022,ES_dlf_486
3023,ES_dlf_487
3024,ES_dlf_489
3025,ES_dlf_490
3026,ES_dlf_493
3027,ES_dlf_494
3028,ES_dlf_495
3029,ES_dlf_496
3030,ES_dlf_497
3031,ES_dlf_499
3032,ES_dlf_501
3033,ES_dlf_502
3034,ES_dlf_503
3035,ES_dlf_504
3036,ES_dlf_505
3037,ES_dlf_506
3038,ES_dlf_508
3039,ES_dlf_510
3040,ES_dlf_511
3041,ES_dlf_514
3042,ES_dlf_515
3043,ES_dlf_517
3044,ES_dlf_518
3045,ES_dlf_521
3046,ES_dlf_522
3047,ES_dlf_523
3048,ES_dlf_524
3049,ES_dlf_525
3050,ES_dlf_527
3051,ES_dlf_528
3052,ES_dlf_529
3053,ES_dlf_530
3054,ES_dlf_535
3055,ES_dlf_536
3056,ES_dlf_538
3057,ES_dlf_540
3058,ES_dlf_541
3059,ES_dlf_543
3060,ES_dlf_544
3061,ES_dlf_545
3062,ES_dlf_547
3063,ES_dlf_548
3064,ES_dlf_549
3065,ES_dlf_551
3066,ES_dlf_552
3067,ES_dlf_553
3068,ES_dlf_554
3069,ES_dlf_555
3070,ES_dlf_557
3071,ES_dlf_558
3072,ES_dlf_559
3073,ES_dlf_560
3074,ES_dlf_566
3075,ES_dlf_569
3076,ES_dlf_570
3077,ES_dlf_571
3078,ES_dlf_572
3079,ES_dlf_573
3080,ES_dlf_574
3081,ES_dlf_575
3082,ES_dlf_576
3083,ES_dlf_579
3084,ES_dlf_580
3085,ES_dlf_582
3086,ES_dlf_583
3087,ES_dlf_584
3088,ES_dlf_587
3089,ES_dlf_589
3090,ES_dlf_591
3091,ES_dlf_593
3092,ES_dlf_595
3093,ES_dlf_598
3094,ES_dlf_600
3095,ES_dlf_601
3096,ES_dlf_603
3097,ES_dlf_606
3098,ES_dlf_607
3099,ES_dlf_608
3100,ES_dlf_609
3101,ES_dlf_612
3102,ES_dlf_614
3103,ES_dlf_615
3104,ES_dlf_616
3105,ES_dlf_617
3106,ES_dlf_618
3107,ES_dlf_622
3108,ES_dlf_627
3109,ES_dlf_628
3110,ES_dlf_630
3111,ES_dlf_631
3112,ES_dlf_632
3113,ES_dlf_634
3114,ES_dlf_635
3115,ES_dlf_636
3116,ES_dlf_637
3117,ES_dlf_639
3118,ES_dlf_641
3119,ES_dlf_642
3120,ES_dlf_643
3121,ES_dlf_644
3122,ES_dlf_645
3123,ES_dlf_647
3124,ES_dlf_648
3125,ES_dlf_649
3126,ES_dlf_650
3127,ES_dlf_651
3128,ES_dlf_653
3129,ES_dlf_654
3130,ES_dlf_656
3131,ES_dlf_657
3132,ES_dlf_658
3133,ES_dlf_661
3134,ES_dlf_662
3135,ES_dlf_663
3136,ES_dlf_664
3137,ES_dlf_665
3138,ES_dlf_667
3139,ES_dlf_669
3140,ES_dlf_670
3141,ES_dlf_671
3142,ES_dlf_672
3143,ES_dlf_673
3144,ES_dlf_674
3145,ES_dlf_678
3146,ES_dlf_679
3147,ES_dlf_680
3148,ES_dlf_681
3149,ES_dlf_686
3150,ES_dlf_688
3151,ES_dlf_689
3152,ES_dlf_693
3153,ES_dlf_694
3154,ES_dlf_698
3155,ES_dlf_701
3156,ES_dlf_702
3157,ES_dlf_703
3158,ES_dlf_704
3159,ES_dlf_705
3160,ES_dlf_707
3161,ES_dlf_708
3162,ES_dlf_709
3163,ES_dlf_710
3164,ES_dlf_714
3165,ES_dlf_715
3166,ES_dlf_717
3167,ES_dlf_718
3168,ES_dlf_719
3169,ES_dlf_721
3170,ES_dlf_722
3171,ES_dlf_725
3172,ES_dlf_731
3173,ES_dlf_734
3174,ES_dlf_736
3175,ES_dlf_737
3176,ES_dlf_738
3177,ES_dlf_740
3178,ES_dlf_742
3179,ES_dlf_744
3180,ES_dlf_745
3181,ES_dlf_746
3182,ES_dlf_747
3183,ES_dlf_748
3184,ES_dlf_749
3185,ES_dlf_750
3186,ES_dlf_752
3187,ES_dlf_753
3188,ES_dlf_756
3189,ES_dlf_757
3190,ES_dlf_758
3191,ES_dlf_759
3192,ES_dlf_760
3193,ES_dlf_761
3194,ES_dlf_762
3195,ES_dlf_763
3196,ES_dlf_765
3197,ES_dlf_766
3198,ES_dlf_767
3199,ES_dlf_770
3200,ES_dlf_771
3201,ES_dlf_773
3202,ES_dlf_775
3203,ES_dlf_776
3204,ES_dlf_777
3205,ES_dlf_778
3206,ES_dlf_781
3207,ES_dlf_783
3208,ES_dlf_784
3209,ES_dlf_786
3210,ES_dlf_787
3211,ES_dlf_793
3212,ES_dlf_794
3213,ES_dlf_798
3214,ES_dlf_799
3215,ES_dlf_802
3216,ES_dlf_803
3217,ES_dlf_804
3218,ES_dlf_805
3219,ES_dlf_807
3220,ES_dlf_808
3221,ES_dlf_811
3222,ES_dlf_812
3223,ES_dlf_814
3224,ES_dlf_816
3225,ES_dlf_817
3226,ES_dlf_818
3227,ES_dlf_819
3228,ES_dlf_820
3229,ES_dlf_822
3230,ES_dlf_823
3231,ES_dlf_825
3232,ES_dlf_826
3233,ES_dlf_829
3234,ES_dlf_830
3235,ES_dlf_833
3236,ES_dlf_835
3237,ES_dlf_837
3238,ES_dlf_838
3239,ES_dlf_839
3240,ES_dlf_841
3241,ES_dlf_842
3242,ES_dlf_843
3243,ES_dlf_844
3244,ES_dlf_845
3245,ES_dlf_846
3246,ES_dlf_848
3247,ES_dlf_851
3248,ES_dlf_853
3249,ES_dlf_854
3250,ES_dlf_858
3251,ES_dlf_859
3252,ES_dlf_860
3253,ES_dlf_861
3254,ES_dlf_862
3255,ES_dlf_863
3256,ES_dlf_866
3257,ES_dlf_867
3258,ES_dlf_868
3259,ES_dlf_869
3260,ES_dlf_870
3261,ES_dlf_871
3262,ES_dlf_872
3263,ES_dlf_873
3264,ES_dlf_874
3265,ES_dlf_875
3266,ES_dlf_877
3267,ES_dlf_878
3268,ES_dlf_879
3269,ES_dlf_880
3270,ES_dlf_885
3271,ES_dlf_886
3272,ES_dlf_887
3273,ES_dlf_890
3274,ES_dlf_891
3275,ES_dlf_892
3276,ES_dlf_894
3277,ES_dlf_895
3278,ES_dlf_898
3279,ES_dlf_901
3280,ES_dlf_904
3281,ES_dlf_906
3282,ES_dlf_907
3283,ES_dlf_909
3284,ES_dlf_910
3285,ES_dlf_911
3286,ES_dlf_913
3287,ES_dlf_914
3288,ES_dlf_918
3289,ES_dlf_919
3290,ES_dlf_921
3291,ES_dlf_923
3292,ES_dlf_924
3293,ES_dlf_926
3294,ES_dlf_928
3295,ES_dlf_929
3296,ES_dlf_930
3297,ES_dlf_931
3298,ES_dlf_932
3299,ES_dlf_934
3300,ES_dlf_935
3301,ES_dlf_937
3302,ES_dlf_939
3303,ES_dlf_940
3304,ES_dlf_941
3305,ES_dlf_942
3306,ES_dlf_943
3307,ES_dlf_947
3308,ES_dlf_948
3309,ES_dlf_950
3310,ES_dlf_954
3311,ES_dlf_955
3312,ES_dlf_956
3313,ES_dlf_957
3314,ES_dlf_962
3315,ES_dlf_963
3316,ES_dlf_964
3317,ES_dlf_965
3318,ES_dlf_966
3319,ES_dlf_967
3320,ES_dlf_968
3321,ES_dlf_970
3322,ES_dlf_971
3323,ES_dlf_974
3324,ES_dlf_975
3325,ES_dlf_976
3326,ES_dlf_978
3327,ES_dlf_979
3328,ES_dlf_980
3329,ES_dlf_981
3330,ES_dlf_982
3331,ES_dlf_984
3332,ES_dlf_985
3333,ES_dlf_987
3334,ES_dlf_991
3335,ES_dlf_993
3336,ES_dlf_995
3337,ES_dlf_998
3338,ES_dlf_999
3339,ES_dlf_1000
3340,ES_dlf_1002
3341,ES_dlf_1003
3342,ES_dlf_1004
3343,ES_dlf_1005
3344,ES_dlf_1008
3345,ES_dlf_1009
3346,ES_dlf_1014
3347,ES_dlf_1017
3348,ES_dlf_1018
3349,ES_dlf_1019
3350,ES_dlf_1022
3351,ES_dlf_1025
3352,ES_dlf_1026
3353,ES_dlf_1027
3354,ES_dlf_1028
3355,ES_dlf_1029
3356,ES_dlf_1030
3357,ES_dlf_1031
3358,ES_dlf_1032
3359,ES_dlf_1034
3360,ES_dlf_1035
3361,ES_dlf_1036
3362,ES_dlf_1037
3363,ES_dlf_1041
3364,ES_dlf_1042
3365,ES_dlf_1043
3366,ES_dlf_1044
3367,ES_dlf_1045
3368,ES_dlf_1046
3369,ES_dlf_1047
3370,ES_dlf_1048
3371,ES_dlf_1049
3372,ES_dlf_1050
3373,ES_dlf_1052
3374,ES_dlf_1053
3375,ES_dlf_1054
3376,ES_dlf_1055
3377,ES_dlf_1056
3378,ES_dlf_1059
3379,ES_dlf_1061
3380,ES_dlf_1062
3381,ES_dlf_1063
3382,ES_dlf_1065
3383,ES_dlf_1068
3384,ES_dlf_1069
3385,ES_dlf_1070
3386,ES_dlf_1074
3387,ES_dlf_1075
3388,ES_dlf_1076
3389,ES_dlf_1077
3390,ES_dlf_1078
3391,ES_dlf_1079
3392,ES_dlf_1082
3393,ES_dlf_1086
3394,ES_dlf_1088
3395,ES_dlf_1089
3396,ES_dlf_1091
3397,ES_dlf_1093
3398,ES_dlf_1094
3399,ES_dlf_1095
3400,ES_dlf_1096
3401,ES_dlf_1097
3402,ES_dlf_1098
3403,ES_dlf_1099
3404,ES_dlf_1101
3405,ES_dlf_1102
3406,ES_dlf_1104
3407,ES_dlf_1107
3408,ES_dlf_1108
3409,ES_dlf_1109
3410,ES_dlf_1110
3411,ES_dlf_1111
3412,ES_dlf_1112
3413,ES_dlf_1114
3414,ES_dlf_1115
3415,ES_dlf_1118
3416,ES_dlf_1122
3417,ES_dlf_1123
3418,ES_dlf_1124
3419,ES_dlf_1125
3420,ES_dlf_1126
3421,ES_dlf_1127
3422,ES_dlf_1128
3423,ES_dlf_1129
3424,ES_dlf_1130
3425,ES_dlf_1131
3426,ES_dlf_1132
3427,ES_dlf_1133
3428,ES_dlf_1138
3429,ES_dlf_1139
3430,ES_dlf_1141
3431,ES_dlf_1142
3432,ES_dlf_1144
3433,ES_dlf_1145
3434,ES_dlf_1146
3435,ES_dlf_1149
3436,ES_dlf_1150
3437,ES_dlf_1152
3438,ES_dlf_1154
3439,ES_dlf_1155
3440,ES_dlf_1156
3441,ES_dlf_1157
3442,ES_dlf_1158
3443,ES_dlf_1160
3444,ES_dlf_1161
3445,ES_dlf_1163
3446,ES_dlf_1165
3447,ES_dlf_1168
3448,ES_dlf_1169
3449,ES_dlf_1170
3450,ES_dlf_1171
3451,ES_dlf_1172
3452,ES_dlf_1174
3453,ES_dlf_1177
3454,ES_dlf_1179
3455,ES_dlf_1181
3456,ES_dlf_1182
3457,ES_dlf_1185
3458,ES_dlf_1187
3459,ES_dlf_1190
3460,ES_dlf_1192
3461,ES_dlf_1195
3462,ES_dlf_1197
3463,ES_dlf_1198
3464,ES_dlf_1199
3465,ES_dlf_1202
3466,ES_dlf_1203
3467,ES_dlf_1204
3468,ES_dlf_1206
3469,ES_dlf_1207
3470,ES_dlf_1208
3471,ES_dlf_1209
3472,ES_dlf_1210
3473,ES_dlf_1211
3474,ES_dlf_1213
3475,ES_dlf_1214
3476,ES_dlf_1215
3477,ES_dlf_1217
3478,ES_dlf_1218
3479,ES_dlf_1219
3480,ES_dlf_1220
3481,ES_dlf_1221
3482,ES_dlf_1222
3483,ES_dlf_1223
3484,ES_dlf_1225
3485,ES_dlf_1226
3486,ES_dlf_1227
3487,ES_dlf_1228
3488,ES_dlf_1230
3489,ES_dlf_1232
3490,ES_dlf_1234
3491,ES_dlf_1235
3492,ES_dlf_1236
3493,ES_dlf_1237
3494,ES_dlf_1238
3495,ES_dlf_1240
3496,ES_dlf_1249
3497,ES_dlf_1253
3498,ES_dlf_1254
3499,ES_dlf_1255
3500,ES_dlf_1257
3501,ES_dlf_1258
3502,ES_dlf_1260
3503,ES_dlf_1261
3504,ES_dlf_1262
3505,ES_dlf_1263
3506,ES_dlf_1264
3507,ES_dlf_1265
3508,ES_dlf_1268
3509,ES_dlf_1269
3510,ES_dlf_1270
3511,ES_dlf_1272
3512,ES_dlf_1276
3513,ES_dlf_1277
3514,ES_dlf_1278
3515,ES_dlf_1280
3516,ES_dlf_1282
3517,ES_dlf_1283
3518,ES_dlf_1285
3519,ES_dlf_1286
3520,ES_dlf_1287
3521,ES_dlf_1288
3522,ES_dlf_1289
3523,ES_dlf_1290
3524,ES_dlf_1291
3525,ES_dlf_1292
3526,ES_dlf_1295
3527,ES_dlf_1296
3528,ES_dlf_1300
3529,ES_dlf_1302
3530,ES_dlf_1303
3531,ES_dlf_1305
3532,ES_dlf_1308
3533,ES_dlf_1309
3534,ES_dlf_1310
3535,ES_dlf_1312
3536,ES_dlf_1313
3537,ES_dlf_1314
3538,ES_dlf_1315
3539,ES_dlf_1316
3540,ES_dlf_1317
3541,ES_dlf_1319
3542,ES_dlf_1320
3543,ES_dlf_1321
3544,ES_dlf_1322
3545,ES_dlf_1323
3546,ES_dlf_1324
3547,ES_dlf_1325
3548,ES_dlf_1327
3549,ES_dlf_1329
3550,ES_dlf_1330
3551,ES_dlf_1331
3552,ES_dlf_1334
3553,ES_dlf_1335
3554,ES_dlf_1336
3555,ES_dlf_1337
3556,ES_dlf_1339
3557,ES_dlf_1343
3558,ES_dlf_1344
3559,ES_dlf_1345
3560,ES_dlf_1346
3561,ES_dlf_1350
3562,ES_dlf_1351
3563,ES_dlf_1352
3564,ES_dlf_1354
3565,ES_dlf_1355
3566,ES_dlf_1358
3567,ES_dlf_1360
3568,ES_dlf_1361
3569,ES_dlf_1362
3570,ES_dlf_1369
3571,ES_dlf_1371
3572,ES_dlf_1372
3573,ES_dlf_1373
3574,ES_dlf_1374
3575,ES_dlf_1378
3576,ES_dlf_1379
3577,ES_dlf_1381
3578,ES_dlf_1382
3579,ES_dlf_1385
3580,ES_dlf_1386
3581,ES_dlf_1387
3582,ES_dlf_1388
3583,ES_dlf_1389
3584,ES_dlf_1393
3585,ES_dlf_1394
3586,ES_dlf_1396
3587,ES_dlf_1397
3588,ES_dlf_1400
3589,ES_dlf_1401
3590,ES_dlf_1403
3591,ES_dlf_1407
3592,ES_dlf_1408
3593,ES_dlf_1409
3594,ES_dlf_1412
3595,ES_dlf_1413
3596,ES_dlf_1414
3597,ES_dlf_1415
3598,ES_dlf_1416
3599,ES_dlf_1418
3600,ES_dlf_1420
3601,ES_dlf_1421
3602,ES_dlf_1422
3603,ES_dlf_1423
3604,ES_dlf_1426
3605,ES_dlf_1429
3606,ES_dlf_1431
3607,ES_dlf_1433
3608,ES_dlf_1434
3609,ES_dlf_1435
3610,ES_dlf_1436
3611,ES_dlf_1437
3612,ES_dlf_1438
3613,ES_dlf_1439
3614,ES_dlf_1441
3615,ES_dlf_1443
3616,ES_dlf_1444
3617,ES_dlf_1445
3618,ES_dlf_1449
3619,ES_dlf_1454
3620,ES_dlf_1456
3621,ES_dlf_1458
3622,ES_dlf_1459
3623,ES_dlf_1460
3624,ES_dlf_1463
3625,ES_dlf_1465
3626,ES_dlf_1466
3627,ES_dlf_1467
3628,ES_dlf_1470
3629,ES_dlf_1471
3630,ES_dlf_1472
3631,ES_dlf_1473
3632,ES_dlf_1475
3633,ES_dlf_1477
3634,ES_dlf_1481
3635,ES_dlf_1482
3636,ES_dlf_1483
3637,ES_dlf_1484
3638,ES_dlf_1487
3639,ES_dlf_1488
3640,ES_dlf_1493
3641,ES_dlf_1494
3642,ES_dlf_1495
3643,ES_dlf_1496
3644,ES_dlf_1497
3645,ES_dlf_1498
3646,ES_dlf_1499
3647,ES_dlf_1501
3648,ES_dlf_1502
3649,ES_dlf_1503
3650,ES_dlf_1504
3651,ES_dlf_1505
3652,ES_dlf_1506
3653,ES_dlf_1508
3654,ES_dlf_1509
3655,ES_dlf_1510
3656,ES_dlf_1512
3657,ES_dlf_1514
3658,ES_dlf_1515
3659,ES_dlf_1516
3660,ES_dlf_1517
3661,ES_dlf_1519
3662,ES_dlf_1521
3663,ES_dlf_1524
3664,ES_dlf_1525
3665,ES_dlf_1526
3666,ES_dlf_1527
3667,ES_dlf_1528
3668,ES_dlf_1529
3669,ES_dlf_1530
3670,ES_dlf_1531
3671,ES_dlf_1532
3672,ES_dlf_1533
3673,ES_dlf_1534
3674,ES_dlf_1535
3675,ES_dlf_1537
3676,ES_dlf_1538
3677,ES_dlf_1539
3678,ES_dlf_1541
3679,ES_dlf_1543
3680,ES_dlf_1548
3681,ES_dlf_1549
3682,ES_dlf_1550
3683,ES_dlf_1551
3684,ES_dlf_1553
3685,ES_dlf_1554
3686,ES_dlf_1555
3687,ES_dlf_1556
3688,ES_dlf_1559
3689,ES_dlf_1560
3690,ES_dlf_1562
3691,ES_dlf_1563
3692,ES_dlf_1566
3693,ES_dlf_1567
3694,ES_dlf_1569
3695,ES_dlf_1570
3696,ES_dlf_1571
3697,ES_dlf_1574
3698,ES_dlf_1575
3699,ES_dlf_1576
3700,ES_dlf_1577
3701,ES_dlf_1578
3702,ES_dlf_1580
3703,ES_dlf_1582
3704,ES_dlf_1584
3705,ES_dlf_1585
3706,ES_dlf_1586
3707,ES_dlf_1587
3708,ES_dlf_1589
3709,ES_dlf_1590
3710,ES_dlf_1591
3711,ES_dlf_1593
3712,ES_dlf_1596
3713,ES_dlf_1597
3714,ES_dlf_1599
3715,ES_dlf_1601
3716,ES_dlf_1603
3717,ES_dlf_1604
3718,ES_dlf_1605
3719,ES_dlf_1606
3720,ES_dlf_1607
3721,ES_dlf_1608
3722,ES_dlf_1609
3723,ES_dlf_1612
3724,ES_dlf_1613
3725,ES_dlf_1614
3726,ES_dlf_1615
3727,ES_dlf_1617
3728,ES_dlf_1618
3729,ES_dlf_1619
3730,ES_dlf_1620
3731,ES_dlf_1622
3732,ES_dlf_1624
3733,ES_dlf_1628
3734,ES_dlf_1629
3735,ES_dlf_1630
3736,ES_dlf_1631
3737,ES_dlf_1632
3738,ES_dlf_1634
3739,ES_dlf_1637
3740,ES_dlf_1640
3741,ES_dlf_1642
3742,ES_dlf_1643
3743,ES_dlf_1644
3744,ES_dlf_1645
3745,ES_dlf_1646
3746,ES_dlf_1648
3747,ES_dlf_1649
3748,ES_dlf_1651
3749,ES_dlf_1652
3750,ES_dlf_1653
3751,ES_dlf_1654
3752,ES_dlf_1656
3753,ES_dlf_1657
3754,ES_dlf_1658
3755,ES_dlf_1660
3756,ES_dlf_1661
3757,ES_dlf_1662
3758,ES_dlf_1665
3759,ES_dlf_1666
3760,ES_dlf_1667
3761,ES_dlf_1669
3762,ES_dlf_1670
3763,ES_dlf_1671
3764,ES_dlf_1672
3765,ES_dlf_1673
3766,ES_dlf_1674
3767,ES_dlf_1676
3768,ES_dlf_1678
3769,ES_dlf_1680
3770,ES_dlf_1681
3771,ES_dlf_1682
3772,ES_dlf_1683
3773,ES_dlf_1685
3774,ES_dlf_1686
3775,ES_dlf_1688
3776,ES_dlf_1690
3777,ES_dlf_1691
3778,ES_dlf_1692
3779,ES_dlf_1693
3780,ES_dlf_1694
3781,ES_dlf_1695
3782,ES_dlf_1697
3783,ES_dlf_1698
3784,ES_dlf_1700
3785,ES_dlf_1705
3786,ES_dlf_1707
3787,ES_dlf_1712
3788,ES_dlf_1713
3789,ES_dlf_1717
3790,ES_dlf_1719
3791,ES_dlf_1721
3792,ES_dlf_1723
3793,ES_dlf_1724
3794,ES_dlf_1725
3795,ES_dlf_1727
3796,ES_dlf_1729
3797,ES_dlf_1735
3798,ES_dlf_1736
3799,ES_dlf_1738
3800,ES_dlf_1742
3801,ES_dlf_1744
3802,ES_dlf_1747
3803,ES_dlf_1750
3804,ES_dlf_1751
3805,ES_dlf_1752
3806,ES_dlf_1753
3807,ES_dlf_1754
3808,ES_dlf_1755
3809,ES_dlf_1756
3810,ES_dlf_1757
3811,ES_dlf_1758
3812,ES_dlf_1760
3813,ES_dlf_1762
3814,ES_dlf_1763
3815,ES_dlf_1765
3816,ES_dlf_1766
3817,ES_dlf_1767
3818,ES_dlf_1768
3819,ES_dlf_1769
3820,ES_dlf_1770
3821,ES_dlf_1771
3822,ES_dlf_1772
3823,ES_dlf_1773
3824,ES_dlf_1774
3825,ES_dlf_1775
3826,ES_dlf_1777
3827,ES_dlf_1778
3828,ES_dlf_1780
3829,ES_dlf_1783
3830,ES_dlf_1784
3831,ES_dlf_1785
3832,ES_dlf_1786
3833,ES_dlf_1788
3834,ES_dlf_1789
3835,ES_dlf_1790
3836,ES_dlf_1791
3837,ES_dlf_1792
3838,ES_dlf_1793
3839,ES_dlf_1796
3840,ES_dlf_1798
3841,ES_dlf_1802
3842,ES_dlf_1805
3843,ES_dlf_1806
3844,ES_dlf_1810
3845,ES_dlf_1811
3846,ES_dlf_1812
3847,ES_dlf_1814
3848,ES_dlf_1817
3849,ES_dlf_1818
3850,ES_dlf_1820
3851,ES_dlf_1821
3852,ES_dlf_1825
3853,ES_dlf_1827
3854,ES_dlf_1828
3855,ES_dlf_1832
3856,ES_dlf_1833
3857,ES_dlf_1837
3858,ES_dlf_1838
3859,ES_dlf_1840
3860,ES_dlf_1841
3861,ES_dlf_1842
3862,ES_dlf_1844
3863,ES_dlf_1846
3864,ES_dlf_1847
3865,ES_dlf_1849
3866,ES_dlf_1850
3867,ES_dlf_1851
3868,ES_dlf_1853
3869,ES_dlf_1854
3870,ES_dlf_1855
3871,ES_dlf_1857
3872,ES_dlf_1858
3873,ES_dlf_1859
3874,ES_dlf_1860
3875,ES_dlf_1861
3876,ES_dlf_1865
3877,ES_dlf_1869
3878,ES_dlf_1870
3879,ES_dlf_1874
3880,ES_dlf_1875
3881,ES_dlf_1876
3882,ES_dlf_1877
3883,ES_dlf_1878
3884,ES_dlf_1880
3885,ES_dlf_1881
3886,ES_dlf_1882
3887,ES_dlf_1883
3888,ES_dlf_1884
3889,ES_dlf_1885
3890,ES_dlf_1886
3891,ES_dlf_1888
3892,ES_dlf_1889
3893,ES_dlf_1891
3894,ES_dlf_1892
3895,ES_dlf_1893
3896,ES_dlf_1894
3897,ES_dlf_1895
3898,ES_dlf_1897
3899,ES_dlf_1898
3900,ES_dlf_1899
3901,ES_dlf_1901
3902,ES_dlf_1902
3903,ES_dlf_1906
3904,ES_dlf_1907
3905,ES_dlf_1909
3906,ES_dlf_1910
3907,ES_dlf_1912
3908,ES_dlf_1913
3909,ES_dlf_1915
3910,ES_dlf_1919
3911,ES_dlf_1920
3912,ES_dlf_1921
3913,ES_dlf_1922
3914,ES_dlf_1925
3915,ES_dlf_1926
3916,ES_dlf_1927
3917,ES_dlf_1928
3918,ES_dlf_1930
3919,ES_dlf_1932
3920,ES_dlf_1933
3921,ES_dlf_1936
3922,ES_dlf_1937
3923,ES_dlf_1938
3924,ES_dlf_1941
3925,ES_dlf_1942
3926,ES_dlf_1943
3927,ES_dlf_1945
3928,ES_dlf_1946
3929,ES_dlf_1947
3930,ES_dlf_1949
3931,ES_dlf_1950
3932,ES_dlf_1953
3933,ES_dlf_1954
3934,ES_dlf_1955
3935,ES_dlf_1956
3936,ES_dlf_1957
3937,ES_dlf_1958
3938,ES_dlf_1959
3939,ES_dlf_1960
3940,ES_dlf_1961
3941,ES_dlf_1962
3942,ES_dlf_1963
3943,ES_dlf_1965
3944,ES_dlf_1966
3945,ES_dlf_1967
3946,ES_dlf_1968
3947,ES_dlf_1969
3948,ES_dlf_1971
3949,ES_dlf_1972
3950,ES_dlf_1976
3951,ES_dlf_1977
3952,ES_dlf_1982
3953,ES_dlf_1983
3954,ES_dlf_1984
3955,ES_dlf_1986
3956,ES_dlf_1989
3957,ES_dlf_1990
3958,ES_dlf_1991
3959,ES_dlf_1993
3960,ES_dlf_1994
3961,ES_dlf_1995
3962,ES_dlf_1996
3963,ES_dlf_1998
3964,ES_dlf_1999
3965,ES_dlf_2000
3966,ES_dlf_2001
3967,ES_dlf_2003
3968,ES_dlf_2004
3969,ES_dlf_2007
3970,ES_dlf_2009
3971,ES_dlf_2010
3972,ES_dlf_2011
3973,ES_dlf_2013
3974,ES_dlf_2015
3975,ES_dlf_2018
3976,ES_dlf_2020
3977,ES_dlf_2022
3978,ES_dlf_2024
3979,ES_dlf_2025
3980,ES_dlf_2026
3981,ES_dlf_2028
3982,ES_dlf_2029
3983,ES_dlf_2032
3984,ES_dlf_2033
3985,ES_dlf_2035
3986,ES_dlf_2037
3987,ES_dlf_2039
3988,ES_dlf_2043
3989,ES_dlf_2044
3990,ES_dlf_2048
3991,ES_dlf_2051
3992,ES_dlf_2052
3993,ES_dlf_2053
3994,ES_dlf_2054
3995,ES_dlf_2055
3996,ES_dlf_2057
3997,ES_dlf_2058
3998,ES_dlf_2059
3999,ES_dlf_2060
4000,ES_dlf_2062
4001,ES_dlf_2063
4002,ES_dlf_2064
4003,ES_dlf_2068
4004,ES_dlf_2069
4005,ES_dlf_2071
4006,ES_dlf_2073
4007,ES_dlf_2074
4008,ES_dlf_2075
4009,ES_dlf_2076
4010,ES_dlf_2077
4011,ES_dlf_2078
4012,ES_dlf_2080
4013,ES_dlf_2081
4014,ES_dlf_2082
4015,ES_dlf_2084
4016,ES_dlf_2085
4017,ES_dlf_2086
4018,ES_dlf_2087
4019,ES_dlf_2089
4020,ES_dlf_2090
4021,ES_dlf_2091
4022,ES_dlf_2094
4023,ES_dlf_2095
4024,ES_dlf_2096
4025,ES_dlf_2097
4026,ES_dlf_2098
4027,ES_dlf_2099
4028,ES_dlf_2100
4029,ES_dlf_2102
4030,ES_dlf_2103
4031,ES_dlf_2105
4032,ES_dlf_2106
4033,ES_dlf_2108
4034,ES_dlf_2109
4035,ES_dlf_2110
4036,ES_dlf_2111
4037,ES_dlf_2112
4038,ES_dlf_2116
4039,ES_dlf_2117
4040,ES_dlf_2118
4041,ES_dlf_2119
4042,ES_dlf_2120
4043,ES_dlf_2121
4044,ES_dlf_2123
4045,ES_dlf_2124
4046,ES_dlf_2125
4047,ES_dlf_2126
4048,ES_dlf_2127
4049,ES_dlf_2128
4050,ES_dlf_2129
4051,ES_dlf_2130
4052,ES_dlf_2131
4053,ES_dlf_2132
4054,ES_dlf_2133
4055,ES_dlf_2134
4056,ES_dlf_2135
4057,ES_dlf_2136
4058,ES_dlf_2139
4059,ES_dlf_2140
4060,ES_dlf_2141
4061,ES_dlf_2142
4062,ES_dlf_2143
4063,ES_dlf_2146
4064,ES_dlf_2147
4065,ES_dlf_2148
4066,ES_dlf_2151
4067,ES_dlf_2152
4068,ES_dlf_2153
4069,ES_dlf_2154
4070,ES_dlf_2158
4071,ES_dlf_2159
4072,ES_dlf_2161
4073,ES_dlf_2162
4074,ES_dlf_2163
4075,ES_dlf_2165
4076,ES_dlf_2166
4077,ES_dlf_2167
4078,ES_dlf_2169
4079,ES_dlf_2172
4080,ES_dlf_2173
4081,ES_dlf_2174
4082,ES_dlf_2176
4083,ES_dlf_2177
4084,ES_dlf_2178
4085,ES_dlf_2179
4086,ES_dlf_2180
4087,ES_dlf_2181
4088,ES_dlf_2184
4089,ES_dlf_2186
4090,ES_dlf_2188
4091,ES_dlf_2190
4092,ES_dlf_2191
4093,ES_dlf_2193
4094,ES_dlf_2195
4095,ES_dlf_2197
4096,ES_dlf_2198
4097,ES_dlf_2199
4098,ES_dlf_2201
4099,ES_dlf_2202
4100,ES_dlf_2203
4101,ES_dlf_2204
4102,ES_dlf_2206
4103,ES_dlf_2208
4104,ES_dlf_2209
4105,ES_dlf_2210
4106,ES_dlf_2211
4107,ES_dlf_2212
4108,ES_dlf_2213
4109,ES_dlf_2214
4110,ES_dlf_2215
4111,ES_dlf_2217
4112,ES_dlf_2218
4113,ES_dlf_2219
4114,ES_dlf_2220
4115,ES_dlf_2221
4116,ES_dlf_2222
4117,ES_dlf_2223
4118,ES_dlf_2225
4119,ES_dlf_2227
4120,ES_dlf_2228
4121,ES_dlf_2229
4122,ES_dlf_2230
4123,ES_dlf_2231
4124,ES_dlf_2232
4125,ES_dlf_2234
4126,ES_dlf_2237
4127,ES_dlf_2240
4128,ES_dlf_2241
4129,ES_dlf_2242
4130,ES_dlf_2243
4131,ES_dlf_2246
4132,ES_dlf_2248
4133,ES_dlf_2249
4134,ES_dlf_2251
4135,ES_dlf_2252
4136,ES_dlf_2253
4137,ES_dlf_2255
4138,ES_dlf_2256
4139,ES_dlf_2257
4140,ES_dlf_2258
4141,ES_dlf_2259
4142,ES_dlf_2260
4143,ES_dlf_2261
4144,ES_dlf_2262
4145,ES_dlf_2263
4146,ES_dlf_2265
4147,ES_dlf_2269
4148,ES_dlf_2270
4149,ES_dlf_2273
4150,ES_dlf_2274
4151,ES_dlf_2275
4152,ES_dlf_2277
4153,ES_dlf_2278
4154,ES_dlf_2281
4155,ES_dlf_2282
4156,ES_dlf_2285
4157,ES_dlf_2286
4158,ES_dlf_2287
4159,ES_dlf_2288
4160,ES_dlf_2289
4161,ES_dlf_2290
4162,ES_dlf_2291
4163,ES_dlf_2292
4164,ES_dlf_2295
4165,ES_dlf_2296
4166,ES_dlf_2298
4167,ES_dlf_2299
4168,ES_dlf_2303
4169,ES_dlf_2305
4170,ES_dlf_2306
4171,ES_dlf_2307
4172,ES_dlf_2308
4173,ES_dlf_2309
4174,ES_dlf_2310
4175,ES_dlf_2311
4176,ES_dlf_2313
4177,ES_dlf_2314
4178,ES_dlf_2315
4179,ES_dlf_2318
4180,ES_dlf_2319
4181,ES_dlf_2321
4182,ES_dlf_2323
4183,ES_dlf_2325
4184,ES_dlf_2326
4185,ES_dlf_2327
4186,ES_dlf_2328
4187,ES_dlf_2329
4188,ES_dlf_2330
4189,ES_dlf_2331
4190,ES_dlf_2332
4191,ES_dlf_2333
4192,ES_dlf_2335
4193,ES_dlf_2336
4194,ES_dlf_2338
4195,ES_dlf_2340
4196,ES_dlf_2341
4197,ES_dlf_2342
4198,ES_dlf_2348
4199,ES_dlf_2351
4200,ES_dlf_2352
4201,ES_dlf_2354
4202,ES_dlf_2355
4203,ES_dlf_2356
4204,ES_dlf_2357
4205,ES_dlf_2358
4206,ES_dlf_2359
4207,ES_dlf_2361
4208,ES_dlf_2363
4209,ES_dlf_2364
4210,ES_dlf_2365
4211,ES_dlf_2371
4212,ES_dlf_2372
4213,ES_dlf_2373
4214,ES_dlf_2374
4215,ES_dlf_2375
4216,ES_dlf_2376
4217,ES_dlf_2377
4218,ES_dlf_2378
4219,ES_dlf_2383
4220,ES_dlf_2384
4221,ES_dlf_2386
4222,ES_dlf_2387
4223,ES_dlf_2388
4224,ES_dlf_2389
4225,ES_dlf_2391
4226,ES_dlf_2395
4227,ES_dlf_2397
4228,ES_dlf_2399
4229,ES_dlf_2400
4230,ES_dlf_2401
4231,ES_dlf_2402
4232,ES_dlf_2403
4233,ES_dlf_2405
4234,ES_dlf_2406
4235,ES_dlf_2407
4236,ES_dlf_2408
4237,ES_dlf_2409
4238,ES_dlf_2410
4239,ES_dlf_2411
4240,ES_dlf_2414
4241,ES_dlf_2415
4242,ES_dlf_2417
4243,ES_dlf_2424
4244,ES_dlf_2426
4245,ES_dlf_2427
4246,ES_dlf_2428
4247,ES_dlf_2429
4248,ES_dlf_2431
4249,ES_dlf_2433
4250,ES_dlf_2435
4251,ES_dlf_2436
4252,ES_dlf_2437
4253,ES_dlf_2438
4254,ES_dlf_2440
4255,ES_dlf_2441
4256,ES_dlf_2442
4257,ES_dlf_2445
4258,ES_dlf_2446
4259,ES_dlf_2447
4260,ES_dlf_2448
4261,ES_dlf_2449
4262,ES_dlf_2451
4263,ES_dlf_2452
4264,ES_dlf_2453
4265,ES_dlf_2455
4266,ES_dlf_2456
4267,ES_dlf_2457
4268,ES_dlf_2458
4269,ES_dlf_2459
4270,ES_dlf_2460
4271,ES_dlf_2461
4272,ES_dlf_2464
4273,ES_dlf_2465
4274,ES_dlf_2466
4275,ES_dlf_2467
4276,ES_dlf_2468
4277,ES_dlf_2469
4278,ES_dlf_2474
4279,ES_dlf_2476
4280,ES_dlf_2478
4281,ES_dlf_2479
4282,ES_dlf_2481
4283,ES_dlf_2482
4284,ES_dlf_2486
4285,ES_dlf_2487
4286,ES_dlf_2488
4287,ES_dlf_2489
4288,ES_dlf_2490
4289,ES_dlf_2491
4290,ES_dlf_2492
4291,ES_dlf_2493
4292,ES_dlf_2495
4293,ES_dlf_2496
4294,ES_dlf_2497
4295,ES_dlf_2498
4296,ES_dlf_2499
4297,ES_dlf_2500
4298,ES_dlf_2501
4299,ES_dlf_2503
4300,ES_dlf_2504
4301,ES_dlf_2505
4302,ES_dlf_2506
4303,ES_dlf_2508
4304,ES_dlf_2510
4305,ES_dlf_2511
4306,ES_dlf_2512
4307,ES_dlf_2515
4308,ES_dlf_2516
4309,ES_dlf_2517
4310,ES_dlf_2518
4311,ES_dlf_2519
4312,ES_dlf_2521
4313,ES_dlf_2522
4314,ES_dlf_2526
4315,ES_dlf_2528
4316,ES_dlf_2529
4317,ES_dlf_2530
4318,ES_dlf_2531
4319,ES_dlf_2532
4320,ES_dlf_2533
4321,ES_dlf_2534
4322,ES_dlf_2537
4323,ES_dlf_2538
4324,ES_dlf_2539
4325,ES_dlf_2540
4326,ES_dlf_2541
4327,ES_dlf_2542
4328,ES_dlf_2543
4329,ES_dlf_2544
4330,ES_dlf_2548
4331,ES_dlf_2549
4332,ES_dlf_2550
4333,ES_dlf_2551
4334,ES_dlf_2553
4335,ES_dlf_2555
4336,ES_dlf_2556
4337,ES_dlf_2557
4338,ES_dlf_2558
4339,ES_dlf_2563
4340,ES_dlf_2566
4341,ES_dlf_2568
4342,ES_dlf_2569
4343,ES_dlf_2570
4344,ES_dlf_2571
4345,ES_dlf_2572
4346,ES_dlf_2573
4347,ES_dlf_2574
4348,ES_dlf_2575
4349,ES_dlf_2576
4350,ES_dlf_2578
4351,ES_dlf_2583
4352,ES_dlf_2584
4353,ES_dlf_2585
4354,ES_dlf_2586
4355,ES_dlf_2587
4356,ES_dlf_2589
4357,ES_dlf_2590
4358,ES_dlf_2591
4359,ES_dlf_2593
4360,ES_dlf_2596
4361,ES_dlf_2597
4362,ES_dlf_2598
4363,ES_dlf_2599
4364,ES_dlf_2600
4365,ES_dlf_2601
4366,ES_dlf_2603
4367,ES_dlf_2606
4368,ES_dlf_2607
4369,ES_dlf_2609
4370,ES_dlf_2610
4371,ES_dlf_2611
4372,ES_dlf_2612
4373,ES_dlf_2615
4374,ES_dlf_2616
4375,ES_dlf_2617
4376,ES_dlf_2618
4377,ES_dlf_2620
4378,ES_dlf_2622
4379,ES_dlf_2623
4380,ES_dlf_2625
4381,ES_dlf_2626
4382,ES_dlf_2627
4383,ES_dlf_2628
4384,ES_dlf_2629
4385,ES_dlf_2630
4386,ES_dlf_2631
4387,ES_dlf_2632
4388,ES_dlf_2633
4389,ES_dlf_2634
4390,ES_dlf_2635
4391,ES_dlf_2636
4392,ES_dlf_2637
4393,ES_dlf_2638
4394,ES_dlf_2641
4395,ES_dlf_2644
4396,ES_dlf_2646
4397,ES_dlf_2647
4398,ES_dlf_2648
4399,ES_dlf_2649
4400,ES_dlf_2651
4401,ES_dlf_2652
4402,ES_dlf_2653
4403,ES_dlf_2655
4404,ES_dlf_2656
4405,ES_dlf_2657
4406,ES_dlf_2658
4407,ES_dlf_2659
4408,ES_dlf_2660
4409,ES_dlf_2661
4410,ES_dlf_2663
4411,ES_dlf_2664
4412,ES_dlf_2665
4413,ES_dlf_2666
4414,ES_dlf_2668
4415,ES_dlf_2669
4416,ES_dlf_2670
4417,ES_dlf_2672
4418,ES_dlf_2673
4419,ES_dlf_2675
4420,ES_dlf_2676
4421,ES_dlf_2678
4422,ES_dlf_2679
4423,ES_dlf_2680
4424,ES_dlf_2683
4425,ES_dlf_2685
4426,ES_dlf_2687
4427,ES_dlf_2689
4428,ES_dlf_2690
4429,ES_dlf_2694
4430,ES_dlf_2695
4431,ES_dlf_2696
4432,ES_dlf_2697
4433,ES_dlf_2698
4434,ES_dlf_2699
4435,ES_dlf_2700
4436,ES_dlf_2701
4437,ES_dlf_2705
4438,ES_dlf_2706
4439,ES_dlf_2709
4440,ES_dlf_2710
4441,ES_dlf_2712
4442,ES_dlf_2713
4443,ES_dlf_2714
4444,ES_dlf_2716
4445,ES_dlf_2717
4446,ES_dlf_2718
4447,ES_dlf_2721
4448,ES_dlf_2722
4449,ES_dlf_2725
4450,ES_dlf_2727
4451,ES_dlf_2728
4452,ES_dlf_2729
4453,ES_dlf_2730
4454,ES_dlf_2732
4455,ES_dlf_2733
4456,ES_dlf_2736
4457,ES_dlf_2738
4458,ES_dlf_2739
4459,ES_dlf_2740
4460,ES_dlf_2741
4461,ES_dlf_2742
4462,ES_dlf_2744
4463,ES_dlf_2745
4464,ES_dlf_2747
4465,ES_dlf_2748
4466,ES_dlf_2749
4467,ES_dlf_2750
4468,ES_dlf_2751
4469,ES_dlf_2752
4470,ES_dlf_2753
4471,ES_dlf_2755
4472,ES_dlf_2757
4473,ES_dlf_2758
4474,ES_dlf_2759
4475,ES_dlf_2760
4476,ES_dlf_2763
4477,ES_dlf_2765
4478,ES_dlf_2768
4479,ES_dlf_2769
4480,ES_dlf_2770
4481,ES_dlf_2771
4482,ES_dlf_2772
4483,ES_dlf_2773
4484,ES_dlf_2775
4485,ES_dlf_2777
4486,ES_dlf_2778
4487,ES_dlf_2779
4488,ES_dlf_2780
4489,ES_dlf_2781
4490,ES_dlf_2782
4491,ES_dlf_2785
4492,ES_dlf_2786
4493,ES_dlf_2787
4494,ES_dlf_2788
4495,ES_dlf_2793
4496,ES_dlf_2794
4497,ES_dlf_2796
4498,ES_dlf_2798
4499,ES_dlf_2801
4500,ES_dlf_2803
4501,ES_dlf_2807
4502,ES_dlf_2808
4503,ES_dlf_2809
4504,ES_dlf_2810
4505,ES_dlf_2811
4506,ES_dlf_2813
4507,ES_dlf_2814
4508,ES_dlf_2819
4509,ES_dlf_2820
4510,ES_dlf_2822
4511,ES_dlf_2823
4512,ES_dlf_2826
4513,ES_dlf_2827
4514,ES_dlf_2828
4515,ES_dlf_2829
4516,ES_dlf_2830
4517,ES_dlf_2832
4518,ES_dlf_2838
4519,ES_dlf_2839
4520,ES_dlf_2840
4521,ES_dlf_2841
4522,ES_dlf_2842
4523,ES_dlf_2843
4524,ES_dlf_2844
4525,ES_dlf_2845
4526,ES_dlf_2846
4527,ES_dlf_2848
4528,ES_dlf_2850
4529,ES_dlf_2854
4530,ES_dlf_2856
4531,ES_dlf_2857
4532,ES_dlf_2861
4533,ES_dlf_2864
4534,ES_dlf_2865
4535,ES_dlf_2867
4536,ES_dlf_2868
4537,ES_dlf_2869
4538,ES_dlf_2870
4539,ES_dlf_2874
4540,ES_dlf_2875
4541,ES_dlf_2876
4542,ES_dlf_2878
4543,ES_dlf_2879
4544,ES_dlf_2881
4545,ES_dlf_2885
4546,ES_dlf_2889
4547,ES_dlf_2891
4548,ES_dlf_2893
4549,ES_dlf_2894
4550,ES_dlf_2896
4551,ES_dlf_2898
4552,ES_dlf_2899
4553,ES_dlf_2901
4554,ES_dlf_2902
4555,ES_dlf_2903
4556,ES_dlf_2904
4557,ES_dlf_2906
4558,ES_dlf_2907
4559,ES_dlf_2909
4560,ES_dlf_2910
4561,ES_dlf_2911
4562,ES_dlf_2913
4563,ES_dlf_2914
4564,ES_dlf_2915
4565,ES_dlf_2916
4566,ES_dlf_2918
4567,ES_dlf_2921
4568,ES_dlf_2922
4569,ES_dlf_2924
4570,ES_dlf_2925
4571,ES_dlf_2926
4572,ES_dlf_2928
4573,ES_dlf_2931
4574,ES_dlf_2932
4575,ES_dlf_2934
4576,ES_dlf_2935
4577,ES_dlf_2937
4578,ES_dlf_2938
4579,ES_dlf_2939
4580,ES_dlf_2941
4581,ES_dlf_2942
4582,ES_dlf_2943
4583,ES_dlf_2945
4584,ES_dlf_2946
4585,ES_dlf_2948
4586,ES_dlf_2949
4587,ES_dlf_2950
4588,ES_dlf_2951
4589,ES_dlf_2953
4590,ES_dlf_2955
4591,ES_dlf_2957
4592,ES_dlf_2958
4593,ES_dlf_2960
4594,ES_dlf_2961
4595,ES_dlf_2962
4596,ES_dlf_2967
4597,ES_dlf_2968
4598,ES_dlf_2969
4599,ES_dlf_2970
4600,ES_dlf_2972
4601,ES_dlf_2973
4602,ES_dlf_2975
4603,ES_dlf_2976
4604,ES_dlf_2977
4605,ES_dlf_2978
4606,ES_dlf_2979
4607,ES_dlf_2981
4608,ES_dlf_2982
4609,ES_dlf_2983
4610,ES_dlf_2984
4611,ES_dlf_2985
4612,ES_dlf_2987
4613,ES_dlf_2989
4614,ES_dlf_2990
4615,ES_dlf_2991
4616,ES_dlf_2992
4617,ES_dlf_2993
4618,ES_dlf_2995
4619,ES_dlf_2996
4620,ES_dlf_2998
4621,ES_dlf_2999
4622,ES_dlf_3001
4623,ES_dlf_3002
4624,ES_dlf_3003
4625,ES_dlf_3006
4626,ES_dlf_3008
4627,ES_dlf_3009
4628,ES_dlf_3010
4629,ES_dlf_3011
4630,ES_dlf_3013
4631,ES_dlf_3014
4632,ES_dlf_3015
4633,ES_dlf_3017
4634,ES_dlf_3019
4635,ES_dlf_3020
4636,ES_dlf_3021
4637,ES_dlf_3022
4638,ES_dlf_3023
4639,ES_dlf_3025
4640,ES_dlf_3026
4641,ES_dlf_3029
4642,ES_dlf_3031
4643,ES_dlf_3033
4644,ES_dlf_3034
4645,ES_dlf_3035
4646,ES_dlf_3036
4647,ES_dlf_3037
4648,ES_dlf_3038
4649,ES_dlf_3040
4650,ES_dlf_3043
4651,ES_dlf_3045
4652,ES_dlf_3046
4653,ES_dlf_3047
4654,ES_dlf_3048
4655,ES_dlf_3051
4656,ES_dlf_3053
4657,ES_dlf_3054
4658,ES_dlf_3056
4659,ES_dlf_3060
4660,ES_dlf_3064
4661,ES_dlf_3065
4662,ES_dlf_3066
4663,ES_dlf_3067
4664,ES_dlf_3069
4665,ES_dlf_3072
4666,ES_dlf_3075
4667,ES_dlf_3076
4668,ES_dlf_3077
4669,ES_dlf_3079
4670,ES_dlf_3080
4671,ES_dlf_3081
4672,ES_dlf_3083
4673,ES_dlf_3084
4674,ES_dlf_3086
4675,ES_dlf_3090
4676,ES_dlf_3091
4677,ES_dlf_3092
4678,ES_dlf_3093
4679,ES_dlf_3094
4680,ES_dlf_3097
4681,ES_dlf_3098
4682,ES_dlf_3101
4683,ES_dlf_3103
4684,ES_dlf_3104
4685,ES_dlf_3106
4686,ES_dlf_3108
4687,ES_dlf_3110
4688,ES_dlf_3111
4689,ES_dlf_3113
4690,ES_dlf_3117
4691,ES_dlf_3120
4692,ES_dlf_3122
4693,ES_dlf_3123
4694,ES_dlf_3124
4695,ES_dlf_3125
4696,ES_dlf_3126
4697,ES_dlf_3127
4698,ES_dlf_3129
4699,ES_dlf_3133
4700,ES_dlf_3134
4701,ES_dlf_3135
4702,ES_dlf_3137
4703,ES_dlf_3141
4704,ES_dlf_3143
4705,ES_dlf_3145
4706,ES_dlf_3146
4707,ES_dlf_3147
4708,ES_dlf_3148
4709,ES_dlf_3149
4710,ES_dlf_3152
4711,ES_dlf_3155
4712,ES_dlf_3156
4713,ES_dlf_3158
4714,ES_dlf_3159
4715,ES_dlf_3161
4716,ES_dlf_3164
4717,ES_dlf_3165
4718,ES_dlf_3166
4719,ES_dlf_3168
4720,ES_dlf_3170
4721,ES_dlf_3171
4722,ES_dlf_3172
4723,ES_dlf_3173
4724,ES_dlf_3176
4725,ES_dlf_3177
4726,ES_dlf_3178
4727,ES_dlf_3180
4728,ES_dlf_3181
4729,ES_dlf_3183
4730,ES_dlf_3184
4731,ES_dlf_3186
4732,ES_dlf_3187
4733,ES_dlf_3188
4734,ES_dlf_3189
4735,ES_dlf_3190
4736,ES_dlf_3191
4737,ES_dlf_3192
4738,ES_dlf_3194
4739,ES_dlf_3196
4740,ES_dlf_3197
4741,ES_dlf_3199
4742,ES_dlf_3200
4743,ES_dlf_3203
4744,ES_dlf_3205
4745,ES_dlf_3207
4746,ES_dlf_3208
4747,ES_dlf_3211
4748,ES_dlf_3212
4749,ES_dlf_3213
4750,ES_dlf_3214
4751,ES_dlf_3216
4752,ES_dlf_3217
4753,ES_dlf_3218
4754,ES_dlf_3219
4755,ES_dlf_3222
4756,ES_dlf_3223
4757,ES_dlf_3224
4758,ES_dlf_3228
4759,ES_dlf_3229
4760,ES_dlf_3231
4761,ES_dlf_3234
4762,ES_dlf_3235
4763,ES_dlf_3236
4764,ES_dlf_3239
4765,ES_dlf_3240
4766,ES_dlf_3241
4767,ES_dlf_3242
4768,ES_dlf_3243
4769,ES_dlf_3244
4770,ES_dlf_3245
4771,ES_dlf_3247
4772,ES_dlf_3248
4773,ES_dlf_3249
4774,ES_dlf_3250
4775,ES_dlf_3251
4776,ES_dlf_3254
4777,ES_dlf_3256
4778,ES_dlf_3257
4779,ES_dlf_3259
4780,ES_dlf_3261
4781,ES_dlf_3263
4782,ES_dlf_3264
4783,ES_dlf_3265
4784,ES_dlf_3266
4785,ES_dlf_3267
4786,ES_dlf_3268
4787,ES_dlf_3269
4788,ES_dlf_3270
4789,ES_dlf_3271
4790,ES_dlf_3272
4791,ES_dlf_3273
4792,ES_dlf_3274
4793,ES_dlf_3275
4794,ES_dlf_3276
4795,ES_dlf_3278
4796,ES_dlf_3279
4797,ES_dlf_3281
4798,ES_dlf_3282
4799,ES_dlf_3283
4800,ES_dlf_3284
4801,ES_dlf_3286
4802,ES_dlf_3287
4803,ES_dlf_3289
4804,ES_dlf_3291
4805,ES_dlf_3294
4806,ES_dlf_3295
4807,ES_dlf_3298
4808,ES_dlf_3299
4809,ES_dlf_3300
4810,ES_dlf_3303
4811,ES_dlf_3304
4812,ES_dlf_3305
4813,ES_dlf_3306
4814,ES_dlf_3307
4815,ES_dlf_3309
4816,ES_dlf_3310
4817,ES_dlf_3311
4818,ES_dlf_3312
4819,ES_dlf_3313
4820,ES_dlf_3314
4821,ES_dlf_3315
4822,ES_dlf_3316
4823,ES_dlf_3317
4824,ES_dlf_3319
4825,ES_dlf_3320
4826,ES_dlf_3323
4827,ES_dlf_3324
4828,ES_dlf_3325
4829,ES_dlf_3329
4830,ES_dlf_3332
4831,ES_dlf_3333
4832,ES_dlf_3334
4833,ES_dlf_3335
4834,ES_dlf_3336
4835,ES_dlf_3338
4836,ES_dlf_3339
4837,ES_dlf_3341
4838,ES_dlf_3342
4839,ES_dlf_3343
4840,ES_dlf_3344
4841,ES_dlf_3345
4842,ES_dlf_3346
4843,ES_dlf_3351
4844,ES_dlf_3353
4845,ES_dlf_3354
4846,ES_dlf_3356
4847,ES_dlf_3357
4848,ES_dlf_3358
4849,ES_dlf_3359
4850,ES_dlf_3360
4851,ES_dlf_3361
4852,ES_dlf_3362
4853,ES_dlf_3363
4854,ES_dlf_3365
4855,ES_dlf_3366
4856,ES_dlf_3369
4857,ES_dlf_3370
4858,ES_dlf_3371
4859,ES_dlf_3373
4860,ES_dlf_3375
4861,ES_dlf_3376
4862,ES_dlf_3377
4863,ES_dlf_3378
4864,ES_dlf_3380
4865,ES_dlf_3381
4866,ES_dlf_3382
4867,ES_dlf_3383
4868,ES_dlf_3384
4869,ES_dlf_3385
4870,ES_dlf_3387
4871,ES_dlf_3389
4872,ES_dlf_3390
4873,ES_dlf_3393
4874,ES_dlf_3394
4875,ES_dlf_3396
4876,ES_dlf_3397
4877,ES_dlf_3399
4878,ES_dlf_3400
4879,ES_dlf_3401
4880,ES_dlf_3402
4881,ES_dlf_3403
4882,ES_dlf_3404
4883,ES_dlf_3407
4884,ES_dlf_3408
4885,ES_dlf_3409
4886,ES_dlf_3411
4887,ES_dlf_3413
4888,ES_dlf_3414
4889,ES_dlf_3416
4890,ES_dlf_3417
4891,ES_dlf_3418
4892,ES_dlf_3420
4893,ES_dlf_3422
4894,ES_dlf_3423
4895,ES_dlf_3424
4896,ES_dlf_3426
4897,ES_dlf_3427
4898,ES_dlf_3429
4899,ES_dlf_3430
4900,ES_dlf_3431
4901,ES_dlf_3432
4902,ES_dlf_3433
4903,ES_dlf_3434
4904,ES_dlf_3435
4905,ES_dlf_3437
4906,ES_dlf_3438
4907,ES_dlf_3439
4908,ES_dlf_3440
4909,ES_dlf_3441
4910,ES_dlf_3442
4911,ES_dlf_3443
4912,ES_dlf_3444
4913,ES_dlf_3445
4914,ES_dlf_3446
4915,ES_dlf_3448
4916,ES_dlf_3449
4917,ES_dlf_3451
4918,ES_dlf_3452
4919,ES_dlf_3455
4920,ES_dlf_3456
4921,ES_dlf_3459
4922,ES_dlf_3460
4923,ES_dlf_3461
4924,ES_dlf_3462
4925,ES_dlf_3463
4926,ES_dlf_3464
4927,ES_dlf_3468
4928,ES_dlf_3472
4929,ES_dlf_3475
4930,ES_dlf_3479
4931,ES_dlf_3481
4932,ES_dlf_3482
4933,ES_dlf_3483
4934,ES_dlf_3485
4935,ES_dlf_3486
4936,ES_dlf_3490
4937,ES_dlf_3492
4938,ES_dlf_3494
4939,ES_dlf_3496
4940,ES_dlf_3498
4941,ES_dlf_3499
4942,ES_dlf_3500
4943,ES_dlf_3501
4944,ES_dlf_3503
4945,ES_dlf_3506
4946,ES_dlf_3508
4947,ES_dlf_3512
4948,ES_dlf_3513
4949,ES_dlf_3514
4950,ES_dlf_3515
4951,ES_dlf_3517
4952,ES_dlf_3518
4953,ES_dlf_3519
4954,ES_dlf_3520
4955,ES_dlf_3521
4956,ES_dlf_3522
4957,ES_dlf_3523
4958,ES_dlf_3525
4959,ES_dlf_3526
4960,ES_dlf_3528
4961,ES_dlf_3529
4962,ES_dlf_3531
4963,ES_dlf_3532
4964,ES_dlf_3535
4965,ES_dlf_3536
4966,ES_dlf_3537
4967,ES_dlf_3540
4968,ES_dlf_3541
4969,ES_dlf_3542
4970,ES_dlf_3543
4971,ES_dlf_3544
4972,ES_dlf_3545
4973,ES_dlf_3547
4974,ES_dlf_3548
4975,ES_dlf_3549
4976,ES_dlf_3551
4977,ES_dlf_3552
4978,ES_dlf_3553
4979,ES_dlf_3554
4980,ES_dlf_3555
4981,ES_dlf_3556
4982,ES_dlf_3557
4983,ES_dlf_3558
4984,ES_dlf_3559
4985,ES_dlf_3561
4986,ES_dlf_3562
4987,ES_dlf_3563
4988,ES_dlf_3564
4989,ES_dlf_3565
4990,ES_dlf_3566
4991,ES_dlf_3568
4992,ES_dlf_3570
4993,ES_dlf_3571
4994,ES_dlf_3572
4995,ES_dlf_3574
4996,ES_dlf_3575
4997,ES_dlf_3576
4998,ES_dlf_3578
4999,ES_dlf_3580
5000,ES_dlf_3585
5001,ES_dlf_3588
5002,ES_dlf_3590
5003,ES_dlf_3591
5004,ES_dlf_3592
5005,ES_dlf_3594
5006,ES_dlf_3597
5007,ES_dlf_3598
5008,ES_dlf_3599
5009,ES_dlf_3600
5010,ES_dlf_3601
5011,ES_dlf_3602
5012,ES_dlf_3604
5013,ES_dlf_3608
5014,ES_dlf_3609
5015,ES_dlf_3611
5016,ES_dlf_3612
5017,ES_dlf_3614
5018,ES_dlf_3615
5019,ES_dlf_3617
5020,ES_dlf_3618
5021,ES_dlf_3621
5022,ES_dlf_3623
5023,ES_dlf_3624
5024,ES_dlf_3626
5025,ES_dlf_3628
5026,ES_dlf_3629
5027,ES_dlf_3630
5028,ES_dlf_3633
5029,ES_dlf_3634
5030,ES_dlf_3635
5031,ES_dlf_3636
5032,ES_dlf_3637
5033,ES_dlf_3638
5034,ES_dlf_3641
5035,ES_dlf_3642
5036,ES_dlf_3643
5037,ES_dlf_3645
5038,ES_dlf_3646
5039,ES_dlf_3647
5040,ES_dlf_3648
5041,ES_dlf_3649
5042,ES_dlf_3650
5043,ES_dlf_3653
5044,ES_dlf_3655
5045,ES_dlf_3657
5046,ES_dlf_3660
5047,ES_dlf_3661
5048,ES_dlf_3664
5049,ES_dlf_3665
5050,ES_dlf_3667
5051,ES_dlf_3668
5052,ES_dlf_3670
5053,ES_dlf_3672
5054,ES_dlf_3675
5055,ES_dlf_3678
5056,ES_dlf_3679
5057,ES_dlf_3682
5058,ES_dlf_3684
5059,ES_dlf_3685
5060,ES_dlf_3686
5061,ES_dlf_3688
5062,ES_dlf_3689
5063,ES_dlf_3690
5064,ES_dlf_3691
5065,ES_dlf_3693
5066,ES_dlf_3694
5067,ES_dlf_3695
5068,ES_dlf_3696
5069,ES_dlf_3698
5070,ES_dlf_3699
5071,ES_dlf_3702
5072,ES_dlf_3704
5073,ES_dlf_3707
5074,ES_dlf_3708
5075,ES_dlf_3709
5076,ES_dlf_3710
5077,ES_dlf_3711
5078,ES_dlf_3713
5079,ES_dlf_3714
5080,ES_dlf_3715
5081,ES_dlf_3716
5082,ES_dlf_3718
5083,ES_dlf_3719
5084,ES_dlf_3720
5085,ES_dlf_3724
5086,ES_dlf_3725
5087,ES_dlf_3726
5088,ES_dlf_3727
5089,ES_dlf_3729
5090,ES_dlf_3730
5091,ES_dlf_3731
5092,ES_dlf_3735
5093,ES_dlf_3736
5094,ES_dlf_3737
5095,ES_dlf_3738
5096,ES_dlf_3739
5097,ES_dlf_3741
5098,ES_dlf_3742
5099,ES_dlf_3743
5100,ES_dlf_3744
5101,ES_dlf_3745
5102,ES_dlf_3747
5103,ES_dlf_3748
5104,ES_dlf_3749
5105,ES_dlf_3750
5106,ES_dlf_3752
5107,ES_dlf_3753
5108,ES_dlf_3754
5109,ES_dlf_3757
5110,ES_dlf_3759
5111,ES_dlf_3760
5112,ES_dlf_3761
5113,ES_dlf_3762
5114,ES_dlf_3763
5115,ES_dlf_3764
5116,ES_dlf_3765
5117,ES_dlf_3767
5118,ES_dlf_3769
5119,ES_dlf_3770
5120,ES_dlf_3771
5121,ES_dlf_3773
5122,ES_dlf_3775
5123,ES_dlf_3776
5124,ES_dlf_3777
5125,ES_dlf_3778
5126,ES_dlf_3779
5127,ES_dlf_3780
5128,ES_dlf_3781
5129,ES_dlf_3782
5130,ES_dlf_3783
5131,ES_dlf_3784
5132,ES_dlf_3786
5133,ES_dlf_3788
5134,ES_dlf_3789
5135,ES_dlf_3790
5136,ES_dlf_3791
5137,ES_dlf_3792
5138,ES_dlf_3793
5139,ES_dlf_3795
5140,ES_dlf_3798
5141,ES_dlf_3799
5142,ES_dlf_3800
5143,ES_dlf_3801
5144,ES_dlf_3802
5145,ES_dlf_3803
5146,ES_dlf_3804
5147,ES_dlf_3805
5148,ES_dlf_3806
5149,ES_dlf_3807
5150,ES_dlf_3808
5151,ES_dlf_3811
5152,ES_dlf_3812
5153,ES_dlf_3813
5154,ES_dlf_3814
5155,ES_dlf_3815
5156,ES_dlf_3816
5157,ES_dlf_3817
5158,ES_dlf_3818
5159,ES_dlf_3819
5160,ES_dlf_3820
5161,ES_dlf_3823
5162,ES_dlf_3824
5163,ES_dlf_3827
5164,ES_dlf_3828
5165,ES_dlf_3830
5166,ES_dlf_3831
5167,ES_dlf_3833
5168,ES_dlf_3834
5169,ES_dlf_3836
5170,ES_dlf_3837
5171,ES_dlf_3839
5172,ES_dlf_3840
5173,ES_dlf_3841
5174,ES_dlf_3842
5175,ES_dlf_3843
5176,ES_dlf_3844
5177,ES_dlf_3845
5178,ES_dlf_3846
5179,ES_dlf_3847
5180,ES_dlf_3848
5181,ES_dlf_3849
5182,ES_dlf_3850
5183,ES_dlf_3851
5184,ES_dlf_3852
5185,ES_dlf_3854
5186,ES_dlf_3856
5187,ES_dlf_3858
5188,ES_dlf_3859
5189,ES_dlf_3860
5190,ES_dlf_3861
5191,ES_dlf_3862
5192,ES_dlf_3863
5193,ES_dlf_3864
5194,ES_dlf_3865
5195,ES_dlf_3866
5196,ES_dlf_3867
5197,ES_dlf_3869
5198,ES_dlf_3870
5199,ES_dlf_3871
5200,ES_dlf_3872
5201,ES_dlf_3875
5202,ES_dlf_3876
5203,ES_dlf_3877
5204,ES_dlf_3880
5205,ES_dlf_3882
5206,ES_dlf_3884
5207,ES_dlf_3886
5208,ES_dlf_3887
5209,ES_dlf_3889
5210,ES_dlf_3890
5211,ES_dlf_3892
5212,ES_dlf_3894
5213,ES_dlf_3895
5214,ES_dlf_3896
5215,ES_dlf_3897
5216,ES_dlf_3898
5217,ES_dlf_3901
5218,ES_dlf_3903
5219,ES_dlf_3906
5220,ES_dlf_3908
5221,ES_dlf_3910
5222,ES_dlf_3911
5223,ES_dlf_3912
5224,ES_dlf_3913
5225,ES_dlf_3914
5226,ES_dlf_3915
5227,ES_dlf_3916
5228,ES_dlf_3917
5229,ES_dlf_3918
5230,ES_dlf_3920
5231,ES_dlf_3922
5232,ES_dlf_3925
5233,ES_dlf_3927
5234,ES_dlf_3928
5235,ES_dlf_3929
5236,ES_dlf_3930
5237,ES_dlf_3931
5238,ES_dlf_3933
5239,ES_dlf_3935
5240,ES_dlf_3936
5241,ES_dlf_3937
5242,ES_dlf_3940
5243,ES_dlf_3941
5244,ES_dlf_3942
5245,ES_dlf_3943
5246,ES_dlf_3944
5247,ES_dlf_3945
5248,ES_dlf_3946
5249,ES_dlf_3947
5250,ES_dlf_3948
5251,ES_dlf_3949
5252,ES_dlf_3950
5253,ES_dlf_3951
5254,ES_dlf_3952
5255,ES_dlf_3954
5256,ES_dlf_3958
5257,ES_dlf_3960
5258,ES_dlf_3962
5259,ES_dlf_3964
5260,ES_dlf_3966
5261,ES_dlf_3967
5262,ES_dlf_3968
5263,ES_dlf_3970
5264,ES_dlf_3971
5265,ES_dlf_3972
5266,ES_dlf_3973
5267,ES_dlf_3975
5268,ES_dlf_3976
5269,ES_dlf_3977
5270,ES_dlf_3979
5271,ES_dlf_3981
5272,ES_dlf_3983
5273,ES_dlf_3986
5274,ES_dlf_3988
5275,ES_dlf_3989
5276,ES_dlf_3991
5277,ES_dlf_3992
5278,ES_dlf_3993
5279,ES_dlf_3997
5280,ES_dlf_4001
5281,ES_dlf_4002
5282,ES_dlf_4003
5283,ES_dlf_4004
5284,ES_dlf_4005
5285,ES_dlf_4006
5286,ES_dlf_4007
5287,ES_dlf_4009
5288,ES_dlf_4010
5289,ES_dlf_4013
5290,ES_dlf_4017
5291,ES_dlf_4018
5292,ES_dlf_4019
5293,ES_dlf_4020
5294,ES_dlf_4023
5295,ES_dlf_4024
5296,ES_dlf_4025
5297,ES_dlf_4030
5298,ES_dlf_4033
5299,ES_dlf_4034
5300,ES_dlf_4036
5301,ES_dlf_4037
5302,ES_dlf_4039
5303,ES_dlf_4041
5304,ES_dlf_4042
5305,ES_dlf_4044
5306,ES_dlf_4046
5307,ES_dlf_4047
5308,ES_dlf_4049
5309,ES_dlf_4050
5310,ES_dlf_4053
5311,ES_dlf_4054
5312,ES_dlf_4059
5313,ES_dlf_4060
5314,ES_dlf_4061
5315,ES_dlf_4062
5316,ES_dlf_4064
5317,ES_dlf_4068
5318,ES_dlf_4069
5319,ES_dlf_4071
5320,ES_dlf_4075
5321,ES_dlf_4076
5322,ES_dlf_4078
5323,ES_dlf_4079
5324,ES_dlf_4080
5325,ES_dlf_4081
5326,ES_dlf_4082
5327,ES_dlf_4083
5328,ES_dlf_4085
5329,ES_dlf_4086
5330,ES_dlf_4088
5331,ES_dlf_4089
5332,ES_dlf_4091
5333,ES_dlf_4093
5334,ES_dlf_4094
